planet,,,,x,y,z
Earth,,,0,0,0,0
11 Com b,185.179276,17.792868,93.37,-8.025562562252665,-88.54088937541675,28.53170436846672
11 UMi b,229.274536,71.823898,125.72,-29.720331359345643,-25.586507454596397,119.44685404047517
14 And b,352.822571,39.236198,75.59,-7.315109561406058,58.08907798856206,47.81209355951046
14 Her b,242.601303,43.817646,17.94,-11.492509368783287,-5.956819454020349,12.421035802244237
16 Cyg B b,295.466553,50.517525,21.15,-12.141400491330318,5.7824532361521985,16.323974046807255
18 Del b,314.608063,10.839286,76.38,-53.40683645636194,52.68112079936673,14.363625275185225
1RXS J160929.1-210524 b,242.376268,-21.083036,145.00,-119.87179872093067,-62.73069668733633,-52.15948201938068
24 Boo b,217.157547,49.844852,96.25,-37.489455609352135,-49.46659864078789,73.56397784939051
24 Sex b,155.868210,-0.902244,72.21,29.518450459327198,-65.89121559518189,-1.1370531515734457
24 Sex c,155.868210,-0.902244,72.21,29.518450459327198,-65.89121559518189,-1.1370531515734457
2MASS J01033563-5515561 AB b,15.898458,-55.265583,47.20,7.366970968365915,25.86459444246477,-38.78905120105511
2MASS J01225093-2439505 b,20.712243,-24.664049,36.00,11.570725658090321,30.601259810972056,-15.022689696808506
2MASS J02192210-3925225 b,34.842106,-39.422928,39.40,17.388424626829686,24.97947324902853,-25.02056364669131
2MASS J04414489+2301513 b,70.437073,23.030941,140.00,121.40367739519017,43.141411302369825,54.77194305266473
2MASS J12073346-3932539 b,181.889447,-39.548332,64.42,-1.637788753533509,-49.64646525186414,-41.01807572271335
2MASS J19383260+4603591 b,294.635865,46.066418,400.77,-252.75319482534806,115.91088016739643,288.6123408040604
2MASS J21402931+1625183 A b,325.122159,16.421759,25.00,-13.712546281108738,19.672683746385605,7.067643787228281
2MASS J22362452+4751425 b,339.102203,47.861820,74.00,-17.70959707293662,46.382201523411176,54.87314054577074
30 Ari B b,39.240585,24.648064,44.71,25.70564427242228,31.472691012148385,18.646009572922516
4 UMa b,130.053406,64.327934,73.58,24.399558674093015,-20.512447255806524,66.31679609335215
42 Dra b,276.496399,65.563484,90.86,-37.34604624123228,4.252666870665171,82.72077885655386
47 UMa b,164.866562,40.430256,13.80,2.742389011532239,-10.140212489221687,8.949602962302839
47 UMa c,164.866562,40.430256,13.80,2.742389011532239,-10.140212489221687,8.949602962302839
47 UMa d,164.866562,40.430256,13.80,2.742389011532239,-10.140212489221687,8.949602962302839
51 Eri b,69.400551,-2.473548,29.40,27.494607918348244,10.3342419295633,-1.268849540945628
51 Peg b,344.366577,20.768833,15.47,-3.897981502489451,13.929624004386431,5.485637182923362
55 Cnc b,133.149216,28.330818,12.59,8.085149535373942,-7.578986258412527,5.9747321517735505
55 Cnc c,133.149216,28.330818,12.59,8.085149535373942,-7.578986258412527,5.9747321517735505
55 Cnc d,133.149216,28.330818,12.59,8.085149535373942,-7.578986258412527,5.9747321517735505
55 Cnc e,133.149216,28.330818,12.59,8.085149535373942,-7.578986258412527,5.9747321517735505
55 Cnc f,133.149216,28.330818,12.59,8.085149535373942,-7.578986258412527,5.9747321517735505
6 Lyn b,97.696281,58.162632,54.74,28.615779122189117,-3.8671137803672395,46.504303201314386
61 Vir b,199.601318,-18.311195,8.51,-2.710318018836362,-7.610903249443586,-2.673654421270629
61 Vir c,199.601318,-18.311195,8.51,-2.710318018836362,-7.610903249443586,-2.673654421270629
61 Vir d,199.601318,-18.311195,8.51,-2.710318018836362,-7.610903249443586,-2.673654421270629
7 CMa b,99.170990,-19.255878,19.82,18.471990651729804,-2.9822123521556336,-6.5363882113180125
7 CMa c,99.170990,-19.255878,19.82,18.471990651729804,-2.9822123521556336,-6.5363882113180125
70 Vir b,202.107544,13.778788,17.91,-6.546390808961885,-16.115728840800585,4.265694703811737
75 Cet b,38.039253,-1.034896,83.15,51.228771356949,65.47732489674388,-1.5018021253435563
8 UMi b,224.201477,74.900925,163.32,-29.660316538804953,-30.498799738099308,157.68167692332932
81 Cet b,39.424168,-3.396175,101.53,64.36404077135732,78.29071223408957,-6.014610000825594
91 Aqr b,348.972900,-9.087737,44.08,-8.325492581860647,42.723050765869395,-6.962291758202196
AB Pic b,94.803802,-58.054310,50.12,26.426098329994677,-2.2208274194029896,-42.52932697124045
AU Mic b,311.289703,-31.340899,9.79,-6.282701199887902,5.517487635787282,-5.092062040260464
BD+03 2562 b,177.564804,2.760142,2618.00,111.10818223839739,-2612.601275100174,126.06962038740248
BD+14 4559 b,318.399963,14.689387,49.42,-31.738812826178123,35.748238739315106,12.531862887127419
BD+15 2375 b,176.482174,14.616381,774.00,45.95494867970832,-747.5398811218345,195.31581816176327
BD+15 2940 b,240.095566,15.546930,431.61,-360.45516537362687,-207.30803312611695,115.68338366788956
BD+20 2457 b,154.186910,19.891409,1670.85,684.1433190928876,-1414.393684722646,568.4875953415901
BD+20 2457 c,154.186910,19.891409,1670.85,684.1433190928876,-1414.393684722646,568.4875953415901
BD+20 274 b,25.920324,21.005314,1383.85,564.7117401051155,1161.9288022973392,496.04730770292775
BD+20 594 b,53.650967,20.599232,180.39,136.00073516902827,100.08177484756337,63.46645158542785
BD+48 738 b,40.710224,49.586960,892.17,377.2439670791431,438.42830154661095,679.2900136210926
BD+48 740 b,40.742569,48.930061,678.94,291.1195664406391,337.9495129627493,511.8584260551495
BD+49 828 b,45.640529,49.730011,447.59,206.8527968773935,202.2787852627493,341.5143065182282
BD-06 1339 b,88.251183,-5.994844,20.28,20.15970038126491,0.6155179233578586,-2.1180222434272813
BD-06 1339 c,88.251183,-5.994844,20.28,20.15970038126491,0.6155179233578586,-2.1180222434272813
BD-08 2823 b,150.198837,-9.516680,41.38,20.282478747398407,-35.41353746237279,-6.84155101292473
BD-08 2823 c,150.198837,-9.516680,41.38,20.282478747398407,-35.41353746237279,-6.84155101292473
BD-10 3166 b,164.620003,-10.770376,84.61,22.044916499595416,-80.14283918417586,-15.811359335148651
BD-11 4672 b,278.370148,-11.636039,27.30,-26.454131219414553,3.892323749891019,-5.506247111420865
BD-11 4672 c,278.370148,-11.636039,27.30,-26.454131219414553,3.892323749891019,-5.506247111420865
BD-13 2130 b,114.288458,-13.906639,948.75,839.4248320991678,-378.8112907543199,-228.02306846529828
BD-17 63 b,7.142942,-16.226345,34.49,4.117827380864419,32.85908795087583,-9.637631280455299
CFBDSIR J145829+101343 b,224.620833,10.228611,23.10,-15.967840581412101,-16.180592778574763,4.102009812341173
CHXR 73 b,166.619893,-77.625877,191.05,9.474141231564486,-39.82961887787978,-186.6117483117481
CI Tau b,68.466728,22.841696,158.00,135.44688651340002,53.44482760890434,61.333443859615684
CT Cha b,166.037877,-76.455383,165.00,9.32389770178511,-37.50170851917374,-160.41099335703143
CoRoT-1 b,102.079885,-3.102147,805.31,786.3238977477932,-168.28451434984117,-43.5803414483641
CoRoT-10 b,291.063708,0.746143,345.00,-321.92027529955527,123.98448332713951,4.492687966106128
CoRoT-11 b,280.687263,5.937688,560.00,-547.333973079921,103.29381528940876,57.93021349439228
CoRoT-12 b,100.765677,-1.296439,1150.00,1129.4700252329521,-214.75678075136088,-26.018978104193746
CoRoT-13 b,102.721137,-5.086445,1060.00,1029.9088313888933,-232.49925259917433,-93.9781706993122
CoRoT-14 b,103.424211,-5.536037,1340.00,1297.3089663465564,-309.6419549745796,-129.27221494331235
CoRoT-16 b,278.524691,-6.002595,840.00,-826.1650393734678,123.83519489461892,-87.84174532901856
CoRoT-17 b,278.699254,-6.612234,920.00,-903.3669341322725,138.22252863628364,-105.93731587051921
CoRoT-18 b,98.172410,-0.031586,870.00,861.1648426769617,-123.67248565559804,-0.47961331256222933
CoRoT-19 b,97.033582,-0.170681,770.00,764.202013857121,-94.28690560738121,-2.2937845813040747
CoRoT-2 b,291.777056,1.383714,200.00,-185.67273415604177,74.17756211059645,4.829603539467532
CoRoT-20 b,97.720408,0.226919,864.31,856.468669504329,-116.10976187794805,3.423076705314876
CoRoT-20 c,97.720408,0.226919,864.31,856.468669504329,-116.10976187794805,3.423076705314876
CoRoT-21 b,101.052450,-0.299130,1398.83,1372.865932001961,-268.1625777104232,-7.302983232035666
CoRoT-22 b,280.667115,6.219136,592.00,-578.3459562285329,108.9358463105739,64.13217837172554
CoRoT-23 b,279.782615,4.357806,600.00,-589.5663093107669,101.65156725573773,45.590852154059824
CoRoT-24 b,101.922547,-3.719301,600.00,585.8202131129271,-123.69247090165398,-38.92108105600403
CoRoT-24 c,101.922547,-3.719301,600.00,585.8202131129271,-123.69247090165398,-38.92108105600403
CoRoT-25 b,280.629662,6.513829,1000.00,-976.4952661352859,183.2694090822758,113.44302054340177
CoRoT-26 b,279.750514,6.969787,1670.00,-1633.7135136635013,280.7384128737174,202.647720960297
CoRoT-27 b,278.495813,5.538462,1035.15,-1019.0115184352792,152.21616316018336,99.906393534245
CoRoT-28 b,278.688338,5.573730,560.00,-550.956529733334,84.19343210744117,54.39088466068129
CoRoT-29 b,278.902103,6.479651,765.00,-750.9569968863998,117.62496687512511,86.3305044291148
CoRoT-3 b,292.055263,0.121820,680.00,-630.2376084505672,255.33990403424744,1.4457877751551995
CoRoT-30 b,277.601100,6.835951,960.00,-944.7998265949915,126.08167362151309,114.26591461530528
CoRoT-31 b,94.820729,-4.422276,2190.00,2175.756023653118,-183.4960779485299,-168.8635985482955
CoRoT-4 b,102.194663,-0.672774,741.60,724.8162513382212,-156.64015054114563,-8.70775714268897
CoRoT-5 b,101.277254,0.815239,904.65,887.0935478808468,-176.8925803760569,12.87147295658559
CoRoT-6 b,281.072525,6.663194,657.24,-640.6486342377432,125.37126026093189,76.26134112314068
CoRoT-7 b,100.956125,-1.063033,160.64,157.68487255313343,-30.52554126953809,-2.98025134909556
CoRoT-7 c,100.956125,-1.063033,160.64,157.68487255313343,-30.52554126953809,-2.98025134909556
CoRoT-8 b,291.588518,1.426452,380.00,-353.233591005436,139.77319468315739,9.459610640431944
CoRoT-9 b,280.786712,6.204172,417.89,-408.10187389376614,77.75150946310129,45.162101375000944
CoRoTID 223977153 b,100.195183,9.257431,586.20,569.4297872272722,-102.40716760957808,94.30232998440347
DE CVn b,201.721958,45.546303,30.55,-7.918409519905122,-19.875908541170016,21.807098622653143
DENIS-P J082303.1-491201 b,125.763050,-49.200359,20.77,11.012427367713086,-7.931622079477455,-15.722872341248262
DH Tau b,67.423158,26.549520,140.00,115.63931219971886,48.081170847071064,62.57595771500999
DMPP-1 b,86.776115,-10.630232,62.00,60.839528516323185,3.4268998803136634,-11.437138065171885
DMPP-1 c,86.776115,-10.630232,62.00,60.839528516323185,3.4268998803136634,-11.437138065171885
DMPP-1 d,86.776115,-10.630232,62.00,60.839528516323185,3.4268998803136634,-11.437138065171885
DMPP-1 e,86.776115,-10.630232,62.00,60.839528516323185,3.4268998803136634,-11.437138065171885
DMPP-2 b,27.407873,-34.459129,134.00,50.8595821091356,98.08509037620344,-75.81964094860975
DMPP-3 A b,91.624382,-72.512665,48.90,14.68829939494928,-0.4165368529463923,-46.64000812536882
DP Leo b,169.316667,17.961417,305.06,53.79614946840061,-285.1627369238261,94.0733297618738
DS Tuc A b,354.914490,-69.195747,44.12,-1.389060104963959,15.608694448759588,-41.2433457618324
EPIC 201238110 b,179.705933,-3.389389,159.98,0.8196474814082656,-159.69805865052987,-9.45825783419683
EPIC 201497682 b,168.936646,0.488114,254.88,48.90824405550627,-250.1341306533322,2.1713465197382713
EPIC 201615463 c,185.188293,2.282436,481.00,-43.46188615010697,-478.6492555393199,19.156059718269514
EPIC 201754305 d,175.097260,4.557340,338.19,28.811880008001438,-335.8872957588642,26.871475921538476
EPIC 201833600 c,169.483627,5.988378,259.33,47.07371576299641,-253.58260666603462,27.055050928131596
EPIC 201841433 b,175.206772,6.134857,441.94,36.71704892614666,-437.8723326218136,47.22967544337784
EPIC 205950854 c,333.109894,-16.341755,245.56,-106.57519825198672,210.1611292578401,-69.09226054066527
EPIC 206024342 b,331.277222,-14.121665,373.81,-174.21385021699427,317.9080024193945,-91.20280966220801
EPIC 206032309 b,341.240692,-13.900921,162.09,-50.600392222868486,148.9844277530045,-38.941092614379244
EPIC 206042996 b,337.513580,-13.610113,457.27,-169.97852965848077,410.6397299433038,-107.60187984989648
EPIC 206215704 b,335.094818,-9.509531,110.22,-45.77777199642644,98.59641655942121,-18.209630218219388
EPIC 206317286 b,337.617584,-7.972406,317.20,-119.61812038068585,290.46830456388756,-43.994423741792275
EPIC 211822797 b,130.410370,17.640005,187.19,135.82851857109372,-115.64152681598209,56.72518768986617
EPIC 211945201 b,136.573975,19.402252,182.69,118.4523146347236,-125.1458961864681,60.689290038376605
EPIC 212297394 b,207.206223,-17.609905,423.35,-184.48308133961058,-358.86937424519465,-128.07805209443592
EPIC 212424622 b,202.331421,-14.359463,622.67,-229.20046695955236,-557.9766990149305,-154.42499215452398
EPIC 212499991 b,202.488770,-12.734723,285.61,-106.5591543452496,-257.39923923710114,-62.95911661853964
EPIC 212587672 b,205.444702,-10.862432,322.88,-136.236538256246,-286.33671436986253,-60.84723533428733
EPIC 212737443 b,204.221695,-7.318144,347.45,-141.38657606787115,-314.28107127055637,-44.25773207966626
EPIC 212737443 c,204.221695,-7.318144,347.45,-141.38657606787115,-314.28107127055637,-44.25773207966626
EPIC 220554210 c,13.432017,7.995316,502.28,115.54120333134357,483.7918577917981,69.86320252540476
EPIC 220674823 b,13.079780,10.794699,246.10,54.70875967037966,235.47329567282412,46.092175478136966
EPIC 220674823 c,13.079780,10.794699,246.10,54.70875967037966,235.47329567282412,46.092175478136966
EPIC 246851721 b,78.919746,16.278742,336.70,317.17666799983425,62.11407900470959,94.3805725026058
EPIC 248847494 b,159.389267,11.842731,560.00,192.9335350192589,-512.9995447291126,114.92657731219325
EPIC 249893012 b,228.248199,-16.724524,324.22,-231.64827174984384,-206.76706980794518,-93.30094017932953
EPIC 249893012 c,228.248199,-16.724524,324.22,-231.64827174984384,-206.76706980794518,-93.30094017932953
EPIC 249893012 d,228.248199,-16.724524,324.22,-231.64827174984384,-206.76706980794518,-93.30094017932953
FU Tau b,65.898908,25.049898,140.00,115.77515442967,51.79137741485478,59.27703469521845
G 9-40 b,134.718109,21.076048,27.93,18.518771922393253,-18.33744061795742,10.043816907394548
GJ 1061 b,53.998836,-44.512634,3.67,2.1172162782894897,1.5383133855189812,-2.572914137486739
GJ 1061 c,53.998836,-44.512634,3.67,2.1172162782894897,1.5383133855189812,-2.572914137486739
GJ 1061 d,53.998836,-44.512634,3.67,2.1172162782894897,1.5383133855189812,-2.572914137486739
GJ 1132 b,153.715737,-47.156727,12.62,3.8001200665299306,-7.6942784162765525,-9.253192267146366
GJ 1132 c,153.715737,-47.156727,12.62,3.8001200665299306,-7.6942784162765525,-9.253192267146366
GJ 1148 b,175.435974,42.751972,11.02,0.6439033892651365,-8.06631722413881,7.480662728986946
GJ 1148 c,175.435974,42.751972,11.02,0.6439033892651365,-8.06631722413881,7.480662728986946
GJ 1214 b,258.828837,4.963920,14.65,-14.318517920784817,-2.827654582212184,1.2676411621032613
GJ 1252 b,306.925235,-56.456990,20.38,-9.002453897372124,6.765435808525795,-16.98614441674173
GJ 1265 b,333.428676,-17.685771,10.26,-4.3725063777660935,8.742619738613028,-3.116951729239431
GJ 143 b,51.746769,-63.499100,16.33,5.72206724363405,4.511437324160776,-14.614163668492948
GJ 15 A b,4.595356,44.022953,3.56,0.20509110482637485,2.551629808364455,2.4740094906420773
GJ 15 A c,4.595356,44.022953,3.56,0.20509110482637485,2.551629808364455,2.4740094906420773
GJ 160.2 b,61.645172,-20.853121,25.88,21.283149721604797,11.486080123914688,-9.212594711305037
GJ 163 b,62.315273,-53.373699,15.14,7.998368778905365,4.196518110731374,-12.150511619801675
GJ 163 c,62.315273,-53.373699,15.14,7.998368778905365,4.196518110731374,-12.150511619801675
GJ 163 d,62.315273,-53.373699,15.14,7.998368778905365,4.196518110731374,-12.150511619801675
GJ 179 b,73.023865,6.476539,12.36,11.745988068702216,3.585759839885329,1.3941630681418649
GJ 180 b,73.458252,-17.773418,11.94,10.899536800408706,3.2372304309645266,-3.6447272426580266
GJ 180 c,73.458252,-17.773418,11.94,10.899536800408706,3.2372304309645266,-3.6447272426580266
GJ 180 d,73.458252,-17.773418,11.94,10.899536800408706,3.2372304309645266,-3.6447272426580266
GJ 2056 b,108.020042,-24.892090,28.47,24.558429508296094,-7.989015971512532,-11.983324409068185
GJ 229 A c,92.644234,-21.864643,5.76,5.3399697896726215,-0.24661786710230418,-2.1451112495648434
GJ 229 b,92.644234,-21.864643,5.76,5.3399697896726215,-0.24661786710230418,-2.1451112495648434
GJ 27.1 b,9.995098,-44.253220,23.62,2.9363762123875836,16.661352548700247,-16.482761479413703
GJ 273 b,111.852081,5.225785,3.80,3.5123021455890635,-1.40852535696912,0.3461068575822645
GJ 273 c,111.852081,5.225785,3.80,3.5123021455890635,-1.40852535696912,0.3461068575822645
GJ 3021 b,4.052823,-79.851181,17.56,0.21868388453665819,3.0864312244457444,-17.285245721580306
GJ 3082 b,18.642490,-53.942116,16.63,3.1289981262851785,9.274871335095684,-13.444070531023117
GJ 3138 b,32.295425,-16.339592,28.49,14.606985028002468,23.11005082888254,-8.015088213998458
GJ 3138 c,32.295425,-16.339592,28.49,14.606985028002468,23.11005082888254,-8.015088213998458
GJ 3138 d,32.295425,-16.339592,28.49,14.606985028002468,23.11005082888254,-8.015088213998458
GJ 317 b,130.246730,-23.456289,15.10,10.57295701886284,-8.949632988375933,-6.010544838086827
GJ 317 c,130.246730,-23.456289,15.10,10.57295701886284,-8.949632988375933,-6.010544838086827
GJ 328 b,133.781754,1.546508,20.54,14.824079977777176,-14.206722300607769,0.5543413081124241
GJ 3293 b,67.148820,-25.169301,20.20,16.8472703673275,7.099655207588647,-8.590947392664448
GJ 3293 c,67.148820,-25.169301,20.20,16.8472703673275,7.099655207588647,-8.590947392664448
GJ 3293 d,67.148820,-25.169301,20.20,16.8472703673275,7.099655207588647,-8.590947392664448
GJ 3293 e,67.148820,-25.169301,20.20,16.8472703673275,7.099655207588647,-8.590947392664448
GJ 3323 b,75.489280,-6.946263,5.32,5.112493039092978,1.3232011696230912,-0.6433922520002342
GJ 3323 c,75.489280,-6.946263,5.32,5.112493039092978,1.3232011696230912,-0.6433922520002342
GJ 3341 b,78.944663,-31.295951,23.16,19.42286046139474,3.794892909281178,-12.030664125653095
GJ 338 B b,138.602905,52.686375,6.33,2.5373763859437077,-2.878382746260903,5.034434808603921
GJ 3470 b,119.774349,15.391492,29.45,24.645448188955825,-14.099932451092174,7.816411480988681
GJ 3512 b,130.333891,59.497391,9.49,3.671862262545741,-3.117701547928703,8.176641399923042
GJ 357 b,144.006821,-21.660797,9.44,5.156028717085764,-7.0984416549114,-3.484407258115163
GJ 357 c,144.006821,-21.660797,9.44,5.156028717085764,-7.0984416549114,-3.484407258115163
GJ 357 d,144.006821,-21.660797,9.44,5.156028717085764,-7.0984416549114,-3.484407258115163
GJ 3634 b,164.646242,-31.143989,19.80,4.486988078508902,-16.341410271609316,-10.240373446230393
GJ 3779 b,200.736403,24.467626,13.75,-4.431241218611853,-11.704444230120751,5.69496150351066
GJ 3942 b,242.263092,52.943874,16.94,-9.035034549106358,-4.750925988456944,13.518892445339556
GJ 3998 b,259.002655,11.057666,18.16,-17.495554698112656,-3.3999499888026183,3.4830311337955777
GJ 3998 c,259.002655,11.057666,18.16,-17.495554698112656,-3.3999499888026183,3.4830311337955777
GJ 411 b,165.834137,35.969879,2.55,0.5050685987777634,-2.0010241829750948,1.4977676487618234
GJ 422 b,169.000870,-57.547668,12.67,1.2971505416035038,-6.673802060480572,-10.691429583079291
GJ 4276 b,336.321023,59.413835,21.35,-4.3629482727639575,9.948990488861378,18.379466004803618
GJ 433 b,173.862289,-32.539970,9.07,0.8175158605332827,-7.6023294880732175,-4.878642656779541
GJ 433 c,173.862289,-32.539970,9.07,0.8175158605332827,-7.6023294880732175,-4.878642656779541
GJ 433 d,173.862289,-32.539970,9.07,0.8175158605332827,-7.6023294880732175,-4.878642656779541
GJ 436 b,175.546219,26.706570,9.76,0.6770575385236518,-8.692473668837938,4.38635322404471
GJ 480 b,189.718506,11.696165,14.24,-2.353910222916506,-13.744211012151002,2.8867577515122926
GJ 504 b,199.193817,9.424156,17.54,-5.688703769081689,-16.341409898892742,2.8720327198703908
GJ 536 b,210.263290,-2.654864,10.41,-5.24074174742155,-8.981660326056348,-0.482186399827199
GJ 581 b,229.861771,-7.722280,6.30,-4.772617301621555,-4.024362440956946,-0.846540628722356
GJ 581 c,229.861771,-7.722280,6.30,-4.772617301621555,-4.024362440956946,-0.846540628722356
GJ 581 e,229.861771,-7.722280,6.30,-4.772617301621555,-4.024362440956946,-0.846540628722356
GJ 625 b,246.352600,54.304104,6.49,-3.4688315224908224,-1.5189139298577867,5.2706933454962055
GJ 649 b,254.536880,25.744160,10.38,-9.011269129063649,-2.492800767462474,4.508588805526956
GJ 667 C b,259.745085,-34.996827,6.80,-5.481464345148999,-0.991695822973609,-3.9000112855678957
GJ 667 C c,259.745085,-34.996827,6.80,-5.481464345148999,-0.991695822973609,-3.9000112855678957
GJ 667 C e,259.745085,-34.996827,6.80,-5.481464345148999,-0.991695822973609,-3.9000112855678957
GJ 667 C f,259.745085,-34.996827,6.80,-5.481464345148999,-0.991695822973609,-3.9000112855678957
GJ 667 C g,259.745085,-34.996827,6.80,-5.481464345148999,-0.991695822973609,-3.9000112855678957
GJ 674 b,262.166443,-46.895191,4.55,-3.0801602619371313,-0.42376745891694345,-3.3219774083437796
GJ 676 A b,262.546692,-51.636978,16.03,-9.864829949925449,-1.2905519020105778,-12.569029630296477
GJ 676 A c,262.546692,-51.636978,16.03,-9.864829949925449,-1.2905519020105778,-12.569029630296477
GJ 676 A d,262.546692,-51.636978,16.03,-9.864829949925449,-1.2905519020105778,-12.569029630296477
GJ 676 A e,262.546692,-51.636978,16.03,-9.864829949925449,-1.2905519020105778,-12.569029630296477
GJ 682 b,264.265259,-44.319214,5.01,-3.5665074271658015,-0.358168977364389,-3.5002628123649404
GJ 682 c,264.265259,-44.319214,5.01,-3.5665074271658015,-0.358168977364389,-3.5002628123649404
GJ 685 b,263.893677,61.681564,14.32,-6.7544577574857225,-0.7225972230483565,12.606250578803508
GJ 687 b,264.107910,68.339142,4.55,-1.670586686142135,-0.17240524685173006,4.228701521146016
GJ 687 c,264.107910,68.339142,4.55,-1.670586686142135,-0.17240524685173006,4.228701521146016
GJ 832 b,323.391571,-49.009006,4.97,-1.9440922585190825,2.61691806153509,-3.751419084770135
GJ 832 c,323.391571,-49.009006,4.97,-1.9440922585190825,2.61691806153509,-3.751419084770135
GJ 849 b,332.418121,-4.640729,8.80,-4.0611805376105305,7.774309548770411,-0.7119857307774349
GJ 86 b,32.608059,-50.823723,10.79,3.6731412429695935,5.741751409183927,-8.36447393231219
GJ 876 b,343.319733,-14.263700,4.68,-1.3018919943871974,4.3448681427229845,-1.1530819820383305
GJ 876 c,343.319733,-14.263700,4.68,-1.3018919943871974,4.3448681427229845,-1.1530819820383305
GJ 876 d,343.319733,-14.263700,4.68,-1.3018919943871974,4.3448681427229845,-1.1530819820383305
GJ 876 e,343.319733,-14.263700,4.68,-1.3018919943871974,4.3448681427229845,-1.1530819820383305
GJ 887 b,346.466827,-35.853069,3.29,-0.6240103579332523,2.5925766089510205,-1.926981473681582
GJ 887 c,346.466827,-35.853069,3.29,-0.6240103579332523,2.5925766089510205,-1.926981473681582
GJ 9066 b,30.054021,13.051965,4.47,2.1808148265058724,3.769070812974529,1.0094810049107823
GJ 9066 c,30.054021,13.051965,4.47,2.1808148265058724,3.769070812974529,1.0094810049107823
GJ 96 b,35.561016,47.880028,11.94,4.657198591144405,6.514466077815426,8.856400679939604
GJ 9827 b,351.770142,-1.286273,29.69,-4.248895424997072,29.37684118442791,-0.6664755752006686
GJ 9827 c,351.770142,-1.286273,29.69,-4.248895424997072,29.37684118442791,-0.6664755752006686
GJ 9827 d,351.770142,-1.286273,29.69,-4.248895424997072,29.37684118442791,-0.6664755752006686
GQ Lup b,237.300427,-35.651421,151.82,-103.8139722177109,-66.6462931138423,-88.48866134462746
GSC 06214-00210 b,245.477780,-20.719202,145.00,-123.38912876850237,-56.28946581987432,-51.29930739749941
GU Psc b,18.146006,17.065475,48.00,14.290890021118065,43.60443728059155,14.08628807909544
Gl 378 b,150.590622,48.088806,14.96,4.9070017118672355,-8.70519325877804,11.132948599856975
Gl 49 b,15.661943,62.345043,9.86,1.2354703609236972,4.406559283217025,8.733581640471046
Gl 686 b,264.472290,18.591709,8.16,-7.698200791081247,-0.7450102077031616,2.6015888165915393
HAT-P-1 b,344.445104,38.674953,159.71,-33.43603630263814,120.11942104455805,99.80300729080687
HAT-P-11 b,297.709351,48.080856,37.81,-22.363259689966885,11.745630059182933,28.133981064753712
HAT-P-11 c,297.709351,48.080856,37.81,-22.363259689966885,11.745630059182933,28.133981064753712
HAT-P-12 b,209.389489,43.493534,142.50,-50.73159347789985,-90.07270616450705,98.07886126681674
HAT-P-13 b,129.882536,47.352051,214.00,111.2544263431537,-92.96553565667254,157.40349995830374
HAT-P-13 c,129.882536,47.352051,214.00,111.2544263431537,-92.96553565667254,157.40349995830374
HAT-P-14 b,260.116169,38.242165,224.10,-173.3961423642015,-30.21205054037402,138.71488678350082
HAT-P-15 b,66.248026,39.460636,193.56,136.78226225447813,60.19126083813974,123.0166592428123
HAT-P-16 b,9.573181,42.463078,235.00,28.83142379339588,170.94820001004925,158.65201516328054
HAT-P-17 b,324.536396,30.488716,92.63,-46.311562558002734,65.01373325837122,46.99755909880378
HAT-P-17 c,324.536396,30.488716,92.63,-46.311562558002734,65.01373325837122,46.99755909880378
HAT-P-18 b,256.346473,33.012512,166.00,-135.265913303218,-32.8580632345328,90.44047975725111
HAT-P-19 b,9.516742,34.711575,215.00,29.2208264375649,174.30387655615252,122.4308046196024
HAT-P-2 b,245.151489,41.048084,128.25,-87.76663532071838,-40.644089670966494,84.22077059311712
HAT-P-20 b,111.916469,24.336630,70.00,59.170370592955486,-23.806095078000205,28.846786320654903
HAT-P-21 b,171.274955,41.027954,279.48,31.982436951341114,-208.39687954175056,183.45826425624603
HAT-P-22 b,155.681719,50.128345,81.96,21.63710622140823,-47.88014032043905,62.90285682907068
HAT-P-23 b,306.123854,16.762152,368.61,-285.09168152063154,208.07429236507647,106.30688634567127
HAT-P-24 b,108.825058,14.262599,420.26,385.5186930568541,-131.4294407211848,103.53794963901724
HAT-P-25 b,48.435419,25.197405,302.95,205.10127131555407,181.8708218670659,128.97742111757955
HAT-P-26 b,213.156383,4.059997,142.41,-77.69227901039251,-118.92373832720946,10.082774640580604
HAT-P-27 b,222.767436,5.947368,204.00,-137.77534319396196,-148.95356285730526,21.137429358860327
HAT-P-28 b,13.000766,34.728413,395.00,73.03129211101842,316.31398621839,225.02642621529426
HAT-P-29 b,33.131142,51.778759,316.36,106.9786442585976,163.91009877369925,248.54114104628349
HAT-P-3 b,206.094121,48.028667,135.08,-39.733987889472075,-81.128229640421,100.42921368710603
HAT-P-30 b,123.949894,5.836719,215.29,177.66286219620378,-119.60919125400306,21.8936717755616
HAT-P-31 b,271.537705,26.426662,347.48,-311.0579350299295,8.350182497248825,154.64664854816215
HAT-P-32 b,31.042848,46.687836,291.51,103.11926015326583,171.32891416315633,212.11058780060196
HAT-P-33 b,113.184212,33.835052,400.55,305.84571315780835,-130.98589382352395,223.02779616506123
HAT-P-34 b,303.195342,18.104868,251.08,-199.70347370848026,130.65910496812367,78.02491446772092
HAT-P-35 b,123.250764,4.787023,514.20,428.51459903857545,-280.9546521228431,42.91109252094504
HAT-P-36 b,188.266255,44.915352,296.93,-30.231399171063284,-208.08659762400652,209.65079368660795
HAT-P-37 b,284.296064,51.269138,411.00,-249.18430453000195,63.498052887281425,320.6184331185955
HAT-P-38 b,35.383234,32.246151,249.00,121.94356986684694,171.69765359374068,132.8558674599404
HAT-P-39 b,113.758247,17.830082,642.00,559.3699397278008,-246.22477272830557,196.5772922384749
HAT-P-4 b,229.991354,36.229664,314.00,-194.00643576590983,-162.84062355626685,185.58134119898506
HAT-P-40 b,335.512861,45.457378,470.68,-136.84503424773183,300.45772871187444,335.4672148795449
HAT-P-41 b,297.322651,4.672421,351.63,-311.362498065924,160.8620846746031,28.643348482471957
HAT-P-42 b,135.344391,6.097230,447.00,312.39393139501465,-316.1721346926381,47.47855169934296
HAT-P-43 b,128.925737,10.206653,542.00,414.9821858656172,-335.15629901337053,96.04186923344672
HAT-P-44 b,213.144074,47.014687,363.00,-135.3182331129207,-207.22912698895584,265.5448450160395
HAT-P-44 c,213.144074,47.014687,363.00,-135.3182331129207,-207.22912698895584,265.5448450160395
HAT-P-45 b,274.373238,-3.381036,305.00,-303.58264922492083,23.21677844615398,-17.987670448418218
HAT-P-46 b,270.444201,-2.970947,296.00,-295.5932759344156,2.2917125940865546,-15.341553889568814
HAT-P-49 b,305.441397,26.692652,353.89,-257.59111313889804,183.3407277267681,158.96895322194987
HAT-P-5 b,274.405476,36.621410,306.01,-244.87632928829024,18.865749251889362,182.54256204912235
HAT-P-50 b,118.063411,12.139410,497.00,428.75959211703906,-228.5845533860641,104.51465983738323
HAT-P-51 b,21.065190,32.810764,470.00,141.98145793796306,368.62020210424345,254.67707435581463
HAT-P-52 b,42.721679,29.022396,385.00,228.39984950249544,247.32671379425273,186.7833113288584
HAT-P-53 b,21.871105,38.968147,719.00,208.2458082624093,518.7835643677478,452.17064995754714
HAT-P-54 b,99.898003,25.482540,144.25,128.27860927072336,-22.38359406851173,62.06154703312809
HAT-P-55 b,264.273447,25.731186,480.00,-430.24566853544314,-43.14561454252067,208.3917480425696
HAT-P-56 b,100.848038,27.252293,323.50,282.4518066418025,-54.1260341885726,148.13372117043193
HAT-P-57 b,274.743421,10.597294,282.08,-276.3192090197976,22.928408507181206,51.875902016265975
HAT-P-6 b,354.774222,42.465973,277.50,-18.644730007310883,203.85490872865913,187.35474434928128
HAT-P-65 b,315.905487,11.989404,841.00,-572.4391838139435,590.8246209645308,174.70159729248272
HAT-P-66 b,150.572632,53.950863,927.00,268.0247491448609,-475.13649570531163,749.4911902715806
HAT-P-67 b,256.610687,44.776981,320.00,-220.97897539631762,-52.60106262568829,225.39170491267436
HAT-P-69 b,130.505638,3.710566,343.90,260.93348902995535,-222.90266286010805,22.2559473518244
HAT-P-7 b,292.247310,47.969513,344.46,-213.4567900635612,87.31577967718724,255.8609876380642
HAT-P-70 b,74.552333,9.997979,329.00,312.2988517483072,86.30102771661385,57.11882186937267
HAT-P-8 b,343.041067,35.447109,212.84,-50.57557654090873,165.8503264532263,123.43680923011966
HAT-P-9 b,110.168529,37.140652,480.00,359.17256780431,-131.92582898772756,289.8113907056781
HATS-1 b,175.525336,-23.354836,303.00,21.702682811267174,-277.3265262084307,-120.11657429330107
HATS-10 b,294.306813,-22.204477,496.00,-418.5095549318277,189.02422304981965,-187.4449133243564
HATS-11 b,289.400757,-22.389927,967.34,-843.6287127724961,297.1010958051777,-368.46737909506174
HATS-12 b,289.202393,-19.355907,512.41,-456.5498126757347,159.0088467227024,-169.83069012892716
HATS-13 b,316.961465,-26.096655,476.00,-291.746324500741,312.43807061282655,-209.38608877392667
HATS-14 b,313.215479,-25.687334,513.00,-336.91791216588194,316.55831022667354,-222.3649178450058
HATS-15 b,311.091961,-19.437510,689.00,-489.67300030089166,427.04801013145743,-229.28442995346535
HATS-16 b,358.558710,-30.012999,774.00,-16.857673111026905,670.0038037959529,-387.1520654164665
HATS-17 b,192.189799,-47.613693,339.00,-48.254006475767966,-223.37615446144875,-250.39098321834902
HATS-18 b,173.957397,-29.156012,645.00,59.2949114450611,-560.1465364422812,-314.2371257322064
HATS-2 b,176.739094,-22.562992,360.00,18.9104092877208,-331.90669376324007,-138.13161497544874
HATS-22 b,174.009720,-29.543312,207.90,18.875495808493085,-179.88189119769564,-102.51161337684599
HATS-23 b,286.366699,-50.067352,747.00,-460.05943330690593,135.11235016382315,-572.7992411469634
HATS-24 b,268.890686,-61.747311,510.00,-241.36886808306346,-4.673770531535036,-449.2429469555635
HATS-25 b,207.907777,-23.781174,466.00,-199.59185306942823,-376.8397158133634,-187.9120027406852
HATS-26 b,144.926863,-28.585590,907.00,457.6514723164995,-651.8215797537798,-433.9732227382551
HATS-27 b,193.552560,-46.587715,840.00,-135.27923699473536,-561.2100830269857,-610.198959968768
HATS-28 b,284.399685,-49.138470,521.00,-330.1473432635745,84.76549550733047,-394.02860620442306
HATS-29 b,285.096424,-54.893192,351.00,-194.89451785287113,52.57352745573962,-287.14656731668845
HATS-3 b,312.457440,-24.428793,453.00,-304.2936929974202,278.4182551263158,-187.34359774064748
HATS-30 b,5.618693,-59.942551,339.00,16.624149309640337,168.97850755382635,-293.4125110567241
HATS-31 b,191.702789,-24.427364,872.00,-161.039604339203,-777.440256833502,-360.60628514895785
HATS-32 b,346.075073,-21.271938,839.00,-188.14960623587797,758.8613585921992,-304.38489467923
HATS-33 b,294.633636,-55.330105,255.00,-131.85477538108364,60.46148661547166,-209.72297643665829
HATS-34 b,0.774485,-62.469341,532.00,3.323843083649791,245.88027045007726,-471.75824812137853
HATS-35 b,296.688263,-63.565609,557.00,-221.5442731541247,111.36830391377968,-498.7627050171039
HATS-36 b,291.478699,-23.202793,878.65,-751.4978995905487,295.7002048698821,-346.17642648063617
HATS-37 A b,199.801932,-22.986870,211.10,-65.83563648368096,-182.84616975089935,-82.43880867779396
HATS-38 b,154.271165,-25.276266,347.70,136.48976074618264,-283.23989775239215,-148.46210133453002
HATS-39 b,112.419289,-29.937889,773.00,619.226945737528,-255.47084532241786,-385.77407489724044
HATS-4 b,94.112075,-22.546885,420.00,386.89918322599465,-27.815236915554337,-161.04451128302955
HATS-40 b,100.571251,-29.776806,1431.00,1220.9793178248008,-227.86602685138936,-710.6669960333361
HATS-41 b,103.517418,-27.050388,800.00,692.7489114392541,-166.53705028073148,-363.819126192565
HATS-42 b,108.452415,-33.437332,942.00,745.6733585371513,-248.81038160967137,-519.0651561906027
HATS-43 b,80.538170,-30.970833,341.00,288.40563875666544,48.06506004899911,-175.4791655321107
HATS-44 b,84.326706,-27.972610,463.00,406.9056650647929,40.42304231695708,-217.16988140168075
HATS-45 b,101.994293,-21.910694,818.00,742.3447370213878,-157.71296384670444,-305.24565918508125
HATS-46 b,6.702417,-56.316113,448.00,28.999060134077677,246.7673958904779,-372.78533613431244
HATS-47 b,287.484377,-49.664963,301.70,-186.25512973615275,58.670186045843785,-229.9776639509041
HATS-48 A b,288.671978,-59.579377,265.40,-127.31072245610176,43.022915326478746,-228.8627726488431
HATS-49 b,6.613262,-56.344315,324.60,20.717817831579897,178.69658974728839,-270.1915262124014
HATS-5 b,67.222871,-21.481916,257.00,220.49781186723342,92.58519270963728,-94.11533909348393
HATS-50 b,300.427490,-26.077583,717.00,-555.3102607022554,326.1568382101405,-315.1844400467088
HATS-51 b,102.847504,-29.058611,478.00,407.37068426343933,-92.90760104839268,-232.16654209892064
HATS-52 b,140.087708,-31.269333,631.00,346.04750083157387,-413.68778296804277,-327.5279307039439
HATS-53 b,176.628006,-33.860054,613.00,29.94068505402184,-508.15447957816264,-341.5429405845516
HATS-54 b,200.634885,-44.688805,769.00,-192.66706374255992,-511.6363397301019,-540.8037152390914
HATS-55 b,114.283414,-32.755421,623.60,478.0387955957244,-215.67621967500406,-337.40130137877145
HATS-56 b,180.165125,-45.799443,577.10,-1.1595264315479592,-402.33633203506133,-413.7252003722126
HATS-57 b,60.948335,-19.056757,280.00,231.35648512230694,128.51585025567348,-91.42129415466125
HATS-58 A b,186.787387,-48.978397,492.00,-38.16454228290295,-320.6578459509641,-371.19538459202903
HATS-59 b,170.325000,-22.388167,654.88,101.76295175698252,-596.9058821036431,-249.4303188463218
HATS-59 c,170.325000,-22.388167,654.88,101.76295175698252,-596.9058821036431,-249.4303188463218
HATS-6 b,88.146797,-19.031656,148.40,140.2148654589577,4.536761061847478,-48.39183095724011
HATS-60 b,341.364018,-14.991763,494.30,-152.57942775360337,452.4404861036218,-127.86561211170624
HATS-61 b,61.657782,-25.349710,694.00,551.9947902069476,297.7434348769045,-297.13060860855506
HATS-62 b,312.449305,-24.303471,516.80,-347.5392766177777,317.895833520922,-212.69915429552128
HATS-63 b,67.418554,-28.197287,634.80,516.5739862054833,214.83275658975893,-299.9487347394928
HATS-64 b,144.287625,-29.800437,1083.00,548.568614609482,-763.0661681668697,-538.2299676388934
HATS-65 b,292.939799,-26.740201,495.00,-407.1020987989968,172.29999842918167,-222.72312788472564
HATS-66 b,101.394823,-33.881703,1538.00,1251.665153313145,-252.26227449999323,-857.4042738671598
HATS-67 b,180.208826,-46.136424,982.00,-2.4801066931329867,-680.4661155608649,-708.0139226345046
HATS-68 b,15.005889,-58.904757,618.20,82.66665376040798,308.3893603899104,-529.3708215932937
HATS-69 b,289.297350,-60.891683,420.30,-192.97273146677955,67.56806985134513,-367.2167899848997
HATS-7 b,208.856995,-21.207695,257.00,-115.63444202283539,-209.84354142684293,-92.96969366147427
HATS-70 b,109.104500,-31.244406,1307.00,1055.891220046877,-365.72799370070834,-677.927552214521
HATS-71 b,15.551172,-61.756017,140.91,17.8774889058837,64.24128743990887,-124.13331735872933
HATS-72 b,339.026329,-16.999941,127.66,-43.69786296368723,113.99336802749603,-37.32404611178506
HATS-8 b,294.941746,-25.748318,829.00,-677.0509217360258,314.8763706364147,-360.13319840197613
HATS-9 b,290.810104,-20.166317,654.36,-574.1735410753796,218.22394071854447,-225.58826659697678
HD 100546 b,173.356003,-70.194786,110.02,4.312988255241299,-37.02701907574142,-103.51231033396381
HD 100655 b,173.765640,20.441545,137.72,14.013995307593104,-128.28444781878883,48.098927049854325
HD 100777 b,173.964676,-4.755697,49.60,5.197068723739251,-49.155266980786074,-4.112201931857722
HD 10180 c,24.473234,-60.511528,39.00,7.95299019182942,17.472870569420248,-33.94773543364789
HD 10180 d,24.473234,-60.511528,39.00,7.95299019182942,17.472870569420248,-33.94773543364789
HD 10180 e,24.473234,-60.511528,39.00,7.95299019182942,17.472870569420248,-33.94773543364789
HD 10180 f,24.473234,-60.511528,39.00,7.95299019182942,17.472870569420248,-33.94773543364789
HD 10180 g,24.473234,-60.511528,39.00,7.95299019182942,17.472870569420248,-33.94773543364789
HD 10180 h,24.473234,-60.511528,39.00,7.95299019182942,17.472870569420248,-33.94773543364789
HD 101930 b,175.875458,-58.006886,30.05,1.1451136284253396,-15.879776677822916,-25.485758914351873
HD 102117 b,176.210251,-58.703709,39.62,1.3603192845032048,-20.536151063015375,-33.85499122671901
HD 102195 b,176.426224,2.821483,29.36,1.8278994891832787,-29.267383032902526,1.4452245025644936
HD 102272 b,176.598068,14.123986,350.01,20.141738964966187,-338.8310455691214,85.4097945788606
HD 102329 b,176.694351,3.474293,218.42,12.571486003927648,-217.65581024621767,13.236404561493618
HD 102329 c,176.694351,3.474293,218.42,12.571486003927648,-217.65581024621767,13.236404561493618
HD 102365 b,176.629471,-40.500355,9.29,0.4153209624065214,-7.0519145063635165,-6.033416137904421
HD 102843 b,177.587204,-1.252453,62.87,2.6461185421630873,-62.79925597273821,-1.3741928290178793
HD 102956 b,177.843796,57.640736,122.32,2.463199954615555,-65.42253445080671,103.32476485342993
HD 103197 b,178.220749,-50.292824,57.24,1.1354105983239497,-36.55095460695348,-44.03585085011574
HD 103720 b,179.171600,-2.778953,41.60,0.6007373476365495,-41.54673610072486,-2.01688720950893
HD 103774 b,179.231628,-12.107909,56.50,0.7408223212046757,-55.23814998523564,-11.851074571405618
HD 103949 b,179.548767,-23.923887,26.52,0.19091226012030574,-24.24078162244705,-10.754462275807615
HD 104067 b,179.791702,-20.353781,20.38,0.0694650079401457,-19.10740498870482,-7.0884870889555875
HD 10442 b,25.471457,2.704376,135.89,58.37595677268114,122.54480956750653,6.411662727999335
HD 104985 b,181.312988,76.905731,100.86,-0.523589091334506,-22.844225257150192,98.23750214080168
HD 106252 b,183.372955,10.041638,38.23,-2.214812810531342,-37.57915514351283,6.665928511025236
HD 106270 b,183.405350,-9.513381,94.06,-5.510285311814395,-92.60259660968849,-15.546043127616528
HD 106315 b,183.472473,-0.393484,109.00,-6.601864422516975,-108.797311739388,-0.7485615733751869
HD 106315 c,183.472473,-0.393484,109.00,-6.601864422516975,-108.797311739388,-0.7485615733751869
HD 10647 b,25.622149,-53.740833,17.34,4.434850484693129,9.247071700208728,-13.982108787647734
HD 106515 A b,183.777359,-7.257327,34.12,-2.2298044238880372,-33.7731287811135,-4.310237182050706
HD 106906 b,184.471634,-55.975525,103.33,-4.507810413525786,-57.641995891645365,-85.63976211377077
HD 10697 b,26.232603,20.083149,33.15,13.761880036937038,27.927706085571327,11.383162594239606
HD 107148 b,184.806213,-3.319789,49.49,-4.139605731887272,-49.23322388996766,-2.865908195466784
HD 108147 b,186.442780,-64.022087,38.96,-1.9149283620433737,-16.95766161154309,-35.02359721725682
HD 108341 b,186.880798,-71.422974,49.40,-1.8854551210125057,-15.624464354312643,-46.82607364094774
HD 108863 b,187.582962,21.948244,165.52,-20.25920019297886,-152.18082967829167,61.86622896191096
HD 108874 b,187.612015,22.879829,59.62,-7.276160110793355,-54.445189590756705,23.18023348606864
HD 108874 c,187.612015,22.879829,59.62,-7.276160110793355,-54.445189590756705,23.18023348606864
HD 109246 b,188.029953,74.489548,67.97,-2.539039094753442,-17.997926532515034,65.49464726987622
HD 109271 b,188.398148,-11.621868,55.96,-8.005457203959496,-54.22497836866371,-11.273241586763136
HD 109271 c,188.398148,-11.621868,55.96,-8.005457203959496,-54.22497836866371,-11.273241586763136
HD 109749 b,189.318237,-40.812115,63.20,-7.745077500141455,-47.20215649824368,-41.30629729753218
HD 110014 b,189.811523,-7.995564,100.98,-17.040487614515467,-98.53574608381285,-14.045957623668974
HD 111232 b,192.215637,-68.425148,28.98,-2.2548087577949807,-10.41514121978923,-26.949602424481487
HD 111591 b,192.572067,22.863407,114.54,-22.972843080705903,-103.01046295022093,44.50286062232882
HD 111998 b,193.296494,-3.553098,33.26,-7.634769746622385,-32.306178722126226,-2.0612392607598196
HD 113337 b,195.445526,63.610226,36.22,-4.287491425741587,-15.517469458827025,32.44555376116368
HD 113538 b,196.239487,-52.442924,15.90,-2.7103584961417173,-9.305173786659704,-12.604669675261368
HD 113538 c,196.239487,-52.442924,15.90,-2.7103584961417173,-9.305173786659704,-12.604669675261368
HD 113996 b,196.794708,27.624741,116.34,-29.783601242713665,-98.6809860362089,53.944375906451704
HD 114386 b,197.665924,-35.054783,27.95,-6.943299856417068,-21.800990642938864,-16.05334526166963
HD 114613 b,198.013275,-37.803020,20.29,-4.9575661328965595,-15.245799625979867,-12.436729144048654
HD 114729 b,198.184402,-31.873348,37.85,-10.03103037872986,-30.53756850678087,-19.986441384965563
HD 114762 b,198.082260,17.517122,40.23,-11.907628595314794,-36.46966963049286,12.10885949537561
HD 114783 b,198.182434,-2.265040,20.40,-6.360717066586891,-19.366239636743742,-0.8062510347564359
HD 114783 c,198.182434,-2.265040,20.40,-6.360717066586891,-19.366239636743742,-0.8062510347564359
HD 11506 b,28.210558,-19.506975,51.34,22.87606804888906,42.64481564231245,-17.143535500467255
HD 11506 c,28.210558,-19.506975,51.34,22.87606804888906,42.64481564231245,-17.143535500467255
HD 116029 b,200.164764,24.648699,123.68,-38.75026435275635,-105.52034016498403,51.58117121641928
HD 116029 c,200.164764,24.648699,123.68,-38.75026435275635,-105.52034016498403,51.58117121641928
HD 117207 b,202.337967,-35.570995,32.38,-10.01016336824456,-24.36130635379264,-18.83581116059824
HD 11755 b,29.708696,73.152382,236.64,33.989943579460956,59.569705162907034,226.48316397089957
HD 117618 b,203.106476,-47.271362,37.82,-10.070779001494587,-23.60321807151555,-27.781646944908392
HD 118203 b,203.510574,53.728531,92.51,-21.832801422178193,-50.1866752104692,74.58368798456276
HD 11964 b,29.290026,-10.242428,33.57,16.161751342994226,28.811653125346698,-5.969199084628042
HD 11964 c,29.290026,-10.242428,33.57,16.161751342994226,28.811653125346698,-5.969199084628042
HD 11977 b,28.733881,-67.647301,68.05,12.441552679660623,22.693093065148272,-62.936744387168204
HD 120084 b,205.663345,78.064438,103.35,-9.256691533005206,-19.265516010824726,101.1156568227663
HD 121504 b,209.321823,-56.040043,41.71,-11.410233753968962,-20.314663356293945,-34.595449388615194
HD 12484 b,30.611374,2.815859,51.10,25.9893292184747,43.925652050653305,2.5103503139352186
HD 125390 b,214.538834,38.966976,154.33,-68.03173426537336,-98.84319998190708,97.05387086655715
HD 125595 b,215.346603,-40.393948,28.22,-12.433892956414276,-17.530764487984175,-18.287673510188885
HD 125612 b,215.222977,-17.481522,57.72,-31.75302218376351,-44.97447715998277,-17.338984583406564
HD 125612 c,215.222977,-17.481522,57.72,-31.75302218376351,-44.97447715998277,-17.338984583406564
HD 125612 d,215.222977,-17.481522,57.72,-31.75302218376351,-44.97447715998277,-17.338984583406564
HD 12648 b,34.748653,85.736153,183.15,7.761446022222592,11.188639847245996,182.64308580949006
HD 126525 b,216.887375,-51.933086,37.69,-13.949040978111817,-18.58690672330768,-29.673005480571344
HD 12661 b,31.142866,25.414305,37.89,17.699402207056977,29.291064899971712,16.26089722427615
HD 12661 c,31.142866,25.414305,37.89,17.699402207056977,29.291064899971712,16.26089722427615
HD 126614 b,216.701172,-5.177780,73.25,-43.59860908448606,-58.48952446209108,-6.610545673136086
HD 128311 b,219.002335,9.746518,16.52,-10.246830893370685,-12.652727975086588,2.79666434008898
HD 128311 c,219.002335,9.746518,16.52,-10.246830893370685,-12.652727975086588,2.79666434008898
HD 128356 b,219.270355,-25.802563,26.03,-14.833763281401371,-18.142460899106574,-11.330113831543688
HD 129445 b,221.512772,-68.762749,67.57,-16.222324363021784,-18.327768162226356,-62.98121947416222
HD 130322 b,221.886368,-0.281476,31.91,-21.304628240103128,-23.755764371765718,-0.1567630828571043
HD 131496 b,223.345947,18.235401,132.34,-86.27640222917836,-91.40732058760919,41.412072652586076
HD 131664 b,225.025314,-73.535339,52.89,-10.604418125242525,-10.595051930655888,-50.72123116419527
HD 13167 b,32.057426,-24.695410,149.57,72.1265007920612,115.1695105229968,-62.48949215176998
HD 13189 b,32.417381,32.316437,504.71,228.65796665513378,360.06582111722565,269.8153495417148
HD 132406 b,224.227707,53.382168,70.93,-29.5102908470808,-30.316751723868027,56.93067889138549
HD 132563 b,224.589661,44.043148,105.47,-53.2229898075912,-53.99084338515041,73.32273239931259
HD 133131 A b,225.897705,-27.842573,47.00,-29.843457222476346,-28.922640069190603,-21.951058116598283
HD 133131 A c,225.897705,-27.842573,47.00,-29.843457222476346,-28.922640069190603,-21.951058116598283
HD 133131 B b,225.899200,-27.840994,47.00,-29.84464629005425,-28.922282346938673,-21.94991279402975
HD 134060 b,227.686432,-61.422321,24.20,-8.560172258950148,-7.792863728847138,-21.251699362656133
HD 134060 c,227.686432,-61.422321,24.20,-8.560172258950148,-7.792863728847138,-21.251699362656133
HD 134987 b,228.369446,-25.309347,26.20,-17.703311138313413,-15.734625411641057,-11.20064006632691
HD 134987 c,228.369446,-25.309347,26.20,-17.703311138313413,-15.734625411641057,-11.20064006632691
HD 136352 b,230.450623,-48.317627,14.81,-7.594066017002873,-6.2710644372392315,-11.060741935032908
HD 136352 c,230.450623,-48.317627,14.81,-7.594066017002873,-6.2710644372392315,-11.060741935032908
HD 136352 d,230.450623,-48.317627,14.81,-7.594066017002873,-6.2710644372392315,-11.060741935032908
HD 136418 b,229.775757,41.733208,105.49,-60.10618041050043,-50.837270304459956,70.22078840665097
HD 13724 b,33.086163,-46.816387,43.52,16.25820966263018,24.95321385962517,-31.733233945530504
HD 137388 b,233.916367,-80.204590,40.53,-5.5725668840193014,-4.061147856658514,-39.93913464772978
HD 13908 b,34.560665,65.594360,79.73,18.68840238005848,27.130210844692417,72.60556573709455
HD 13908 c,34.560665,65.594360,79.73,18.68840238005848,27.130210844692417,72.60556573709455
HD 13931 b,34.197414,43.772995,47.46,19.261441291345676,28.345102011215648,32.83296622837819
HD 139357 b,233.817490,53.922142,112.45,-53.44885857903053,-39.09360117925416,90.88406000744142
HD 1397 b,4.446472,-66.358910,79.75,2.4793542618421776,31.883982652888232,-73.05701165962518
HD 14067 b,34.293499,23.767832,142.60,73.5310361819786,107.8187447734885,57.472297617842784
HD 141399 b,236.724228,46.986263,36.20,-20.645732813696572,-13.549217890911342,26.469084062922555
HD 141399 c,236.724228,46.986263,36.20,-20.645732813696572,-13.549217890911342,26.469084062922555
HD 141399 d,236.724228,46.986263,36.20,-20.645732813696572,-13.549217890911342,26.469084062922555
HD 141399 e,236.724228,46.986263,36.20,-20.645732813696572,-13.549217890911342,26.469084062922555
HD 141937 b,238.073120,-18.436066,33.39,-26.88445089562353,-16.751601312178323,-10.559462747632232
HD 142 b,1.579898,-49.075191,26.21,0.47337444517828603,17.16280629466825,-19.803486984022488
HD 142 c,1.579898,-49.075191,26.21,0.47337444517828603,17.16280629466825,-19.803486984022488
HD 142022 A b,242.562592,-84.231613,34.31,-3.0605123490259993,-1.5889548525890005,-34.13626497784861
HD 142245 b,238.234497,15.430708,97.50,-79.90731910123098,-49.47805520752699,25.94209719615893
HD 142415 b,239.419968,-60.200256,35.57,-15.218666335085146,-8.99313681830252,-30.86649615924421
HD 143105 b,238.402328,68.720116,48.70,-15.054141938950837,-9.260526763827094,45.37957089416298
HD 143361 b,240.459778,-44.434536,68.65,-42.647522255634385,-24.168345074924726,-48.061444441407836
HD 145377 b,242.901855,-27.078173,53.57,-42.462067657427056,-21.72720310056893,-24.385371756090066
HD 145457 b,242.516312,26.742750,135.82,-107.60337793893544,-55.975842734736844,61.11702288451747
HD 145934 b,243.291140,13.239476,229.35,-199.43338655069465,-100.34318747952885,52.52610356165135
HD 1461 b,4.674448,-8.053001,23.47,1.893803995452973,23.161264667517866,-3.2878907262855788
HD 1461 c,4.674448,-8.053001,23.47,1.893803995452973,23.161264667517866,-3.2878907262855788
HD 147018 b,245.750610,-61.688763,42.96,-18.57655459791685,-8.367889768077838,-37.821311982795
HD 147018 c,245.750610,-61.688763,42.96,-18.57655459791685,-8.367889768077838,-37.821311982795
HD 147379 b,244.178116,67.238846,10.77,-3.750764764807976,-1.8149582439755603,9.931293483313244
HD 147513 b,246.005371,-39.192982,12.91,-9.140890409305293,-4.068759921822955,-8.158272808851013
HD 14787 b,35.808552,10.836746,119.54,68.69305678873815,95.21531375891536,22.474865401387877
HD 147873 b,246.438141,-33.567120,109.38,-83.54124587129546,-36.43206505603429,-60.47767583186911
HD 147873 c,246.438141,-33.567120,109.38,-83.54124587129546,-36.43206505603429,-60.47767583186911
HD 148156 b,247.072006,-46.317623,57.22,-36.397329303066996,-15.39579462631044,-41.38033744942846
HD 148164 b,246.435547,11.919066,77.37,-69.38921410982768,-30.26414917237257,15.97920962040592
HD 148164 c,246.435547,11.919066,77.37,-69.38921410982768,-30.26414917237257,15.97920962040592
HD 148284 b,246.451721,30.265127,121.61,-96.28794861869042,-41.963701381415106,61.29168636263693
HD 148427 b,247.117294,-13.399640,71.50,-64.07990854588746,-27.045623093127407,-16.569538082131157
HD 149026 b,247.623413,38.347309,76.03,-55.137758916124525,-22.69978985395492,47.171050256419086
HD 149143 b,248.212708,2.084832,73.43,-68.13962662351297,-27.23637689492325,2.6713212547229235
HD 1502 b,4.821110,14.054755,191.96,15.65031093584179,185.55467203975718,46.61730421023537
HD 150706 b,247.823273,79.789772,28.29,-4.6437301767639205,-1.8928711746460822,27.84199900800239
HD 152079 b,253.373901,-46.332958,88.11,-58.29354445941594,-17.406977632231904,-63.73564076769821
HD 152581 b,253.431595,11.973746,166.54,-156.1522500131815,-46.457262289542655,34.55096520187963
HD 15337 b,36.868240,-27.635206,44.87,23.849784122880504,31.801628924211535,-20.81252255395172
HD 15337 c,36.868240,-27.635206,44.87,23.849784122880504,31.801628924211535,-20.81252255395172
HD 153950 b,256.128632,-43.309769,48.52,-34.276214398267804,-8.464330117351704,-33.281926659802494
HD 154345 b,255.651688,47.081882,18.29,-12.066125299410116,-3.0864543450091557,13.394271903881496
HD 154672 b,257.520477,-56.449268,63.16,-34.08222454953442,-7.543068940232613,-52.637341125079736
HD 154857 b,257.815521,-56.680798,63.56,-34.12719511388415,-7.368884365430856,-53.11221796223342
HD 154857 c,257.815521,-56.680798,63.56,-34.12719511388415,-7.368884365430856,-53.11221796223342
HD 155233 b,257.768188,-20.654570,75.13,-68.7050015709856,-14.894481803751077,-26.50083151390903
HD 155358 b,257.394226,33.355854,43.67,-35.59704773093805,-7.9606495055867805,24.011396300309546
HD 155358 c,257.394226,33.355854,43.67,-35.59704773093805,-7.9606495055867805,24.011396300309546
HD 156279 b,258.096680,63.352093,36.23,-15.899982716053538,-3.3516141432185185,32.38163263740999
HD 156279 c,258.096680,63.352093,36.23,-15.899982716053538,-3.3516141432185185,32.38163263740999
HD 156411 b,259.964172,-48.549320,56.96,-37.12915995451792,-6.5708146521024124,-42.69299094558192
HD 156668 b,259.418701,29.227226,24.35,-20.888656127139303,-3.9021494504059744,11.889481690503676
HD 156846 b,260.142944,-19.333746,47.80,-44.43853794328954,-7.72144906158102,-15.825156234686135
HD 158038 b,261.439301,27.303341,95.12,-83.5810356754604,-12.581807093859439,43.631674339524565
HD 158259 b,261.350220,52.790684,27.07,-16.18381272012216,-2.461955953015737,21.55940348723551
HD 158259 c,261.350220,52.790684,27.07,-16.18381272012216,-2.461955953015737,21.55940348723551
HD 158259 d,261.350220,52.790684,27.07,-16.18381272012216,-2.461955953015737,21.55940348723551
HD 158259 e,261.350220,52.790684,27.07,-16.18381272012216,-2.461955953015737,21.55940348723551
HD 158259 f,261.350220,52.790684,27.07,-16.18381272012216,-2.461955953015737,21.55940348723551
HD 158996 b,259.904633,80.136398,285.91,-48.21901684687817,-8.585092391729065,281.6837778483986
HD 159243 b,263.339783,5.700733,73.46,-72.60338995550325,-8.477834859619952,7.296963961959871
HD 159243 c,263.339783,5.700733,73.46,-72.60338995550325,-8.477834859619952,7.296963961959871
HD 159868 b,264.748016,-43.145515,55.94,-40.643550745942846,-3.7360369381825302,-38.254769777878735
HD 159868 c,264.748016,-43.145515,55.94,-40.643550745942846,-3.7360369381825302,-38.254769777878735
HD 1605 b,5.131330,30.974804,89.03,6.827210007331273,76.02783957151806,45.82027622792452
HD 1605 c,5.131330,30.974804,89.03,6.827210007331273,76.02783957151806,45.82027622792452
HD 160691 b,266.036255,-51.834053,15.61,-9.62298900587775,-0.6667863077985103,-12.272961281308124
HD 160691 c,266.036255,-51.834053,15.61,-9.62298900587775,-0.6667863077985103,-12.272961281308124
HD 160691 d,266.036255,-51.834053,15.61,-9.62298900587775,-0.6667863077985103,-12.272961281308124
HD 160691 e,266.036255,-51.834053,15.61,-9.62298900587775,-0.6667863077985103,-12.272961281308124
HD 16141 b,38.833035,-3.560602,37.83,23.67562667910042,29.41179874795449,-2.3494032777901617
HD 16175 b,39.257961,42.062634,59.96,28.169716527849467,34.46823521724642,40.16975767600769
HD 162020 b,267.659821,-40.318348,30.85,-23.50230987911355,-0.9604584614667784,-19.960998218774495
HD 163607 b,268.418732,56.391956,67.92,-37.579979764070906,-1.0374081942683926,56.56673320221424
HD 163607 c,268.418732,56.391956,67.92,-37.579979764070906,-1.0374081942683926,56.56673320221424
HD 16417 b,39.244198,-34.577976,25.41,13.235465835345511,16.20274954209712,-14.42086860759342
HD 164509 b,270.380127,0.104556,53.19,-53.18874083337158,0.35288416198184736,0.09706352894859685
HD 164595 b,270.162048,29.571922,28.28,-24.596060679040797,0.06956451421550727,13.956624228347815
HD 164604 b,270.778900,-28.560644,39.41,-34.61106085286455,0.4705445385165815,-18.84147431801924
HD 164922 b,270.628601,26.313002,22.00,-19.71930213863311,0.2163522428582626,9.752041574578618
HD 164922 c,270.628601,26.313002,22.00,-19.71930213863311,0.2163522428582626,9.752041574578618
HD 164922 d,270.628601,26.313002,22.00,-19.71930213863311,0.2163522428582626,9.752041574578618
HD 165155 b,271.488953,-29.917253,63.47,-54.99383221969996,1.4294537905652598,-31.655583704176568
HD 1666 b,5.218085,-19.931225,118.31,10.11543699364331,110.76258627309893,-40.33092506404918
HD 166724 b,273.498657,-42.575375,45.19,-33.21534924522822,2.030756317473901,-30.57372570192513
HD 167042 b,272.631836,54.286552,49.73,-28.998362978510254,1.3329543296876074,40.37810145761601
HD 168443 b,275.016388,-9.595722,39.67,-38.96513574782633,3.420238224433182,-6.612795675173453
HD 168443 c,275.016388,-9.595722,39.67,-38.96513574782633,3.420238224433182,-6.612795675173453
HD 168746 b,275.457428,-11.922684,41.62,-40.53755516646116,3.8729252319753087,-8.598341193139923
HD 1690 b,5.305497,-8.281169,769.37,70.3988860809882,758.0861748518529,-110.81310949992312
HD 169830 b,276.956177,-29.816866,37.64,-32.416796665997865,3.955116535168851,-18.715713908600545
HD 169830 c,276.956177,-29.816866,37.64,-32.416796665997865,3.955116535168851,-18.715713908600545
HD 170469 b,277.295746,11.695502,60.28,-58.550608225428135,7.496087435724682,12.21938417386069
HD 17092 b,41.592117,49.653076,229.89,98.79950927939853,111.3114081074018,175.20798923364617
HD 171028 b,278.064527,6.945743,112.01,-110.08840030995631,15.598367110962963,13.545300316583656
HD 171238 b,278.681976,-28.072313,44.87,-39.137581223162755,5.976291991640803,-21.115173928504294
HD 17156 b,42.435364,71.753235,78.26,16.534273247038026,18.084910109464868,74.32483726537757
HD 173416 b,280.900452,36.556606,132.68,-104.65474727370874,20.154184000237525,79.02642052099236
HD 175167 b,285.003479,-69.944244,71.23,-23.594497536998333,6.3236621040591805,-66.91056630734988
HD 175541 b,283.920349,4.265325,130.08,-125.90999570486332,31.207034436720512,9.674729105594755
HD 175607 b,285.272858,-66.192680,40.38,-15.724205040336102,4.293650465133919,-36.943989247680385
HD 17674 b,42.767853,30.286739,44.48,26.080863328691358,28.196487887937938,22.43249961140066
HD 176986 b,285.774475,-11.043926,27.81,-26.267025092497196,7.420181649509673,-5.32732550895875
HD 176986 c,285.774475,-11.043926,27.81,-26.267025092497196,7.420181649509673,-5.32732550895875
HD 177565 b,286.718597,-37.810658,16.93,-12.810004958464463,3.847718209052216,-10.379004651113895
HD 177830 b,286.336548,25.920660,62.88,-54.270966505308785,15.907526972283426,27.486490867437553
HD 177830 c,286.336548,25.920660,62.88,-54.270966505308785,15.907526972283426,27.486490867437553
HD 178911 B b,287.262939,34.599850,41.02,-32.244096092650324,10.020042207423172,23.29286202529416
HD 179079 b,287.790955,-2.638385,69.85,-66.43910493461968,21.319693957379027,-3.21535146605925
HD 179949 b,288.888458,-24.179352,27.48,-23.719161468676226,8.115546236838476,-11.25565140276661
HD 180053 b,288.400879,34.914543,137.59,-107.05611599799563,35.61465396253967,78.75019079692608
HD 18015 b,43.363365,-8.848020,124.24,84.29085906431887,89.24932574941651,-19.10985430278503
HD 180314 b,288.709198,31.860350,122.79,-98.7792967257296,33.45262264227768,64.81478748498398
HD 180617 b,289.230225,5.168904,5.91,-5.5575459019003315,1.9386301282712488,0.5324441510898879
HD 180902 b,289.823792,-23.558155,104.89,-90.45020597498178,32.606511871742526,-41.92240120319064
HD 181234 b,290.000397,-9.323601,47.81,-44.3330686524109,16.13626525968823,-7.745712835472342
HD 181342 b,290.267639,-23.619572,120.81,-103.83589892132959,38.34340716782455,-48.4039804351031
HD 181433 b,291.289856,-66.468796,26.90,-10.006852488921675,3.899467907797417,-24.663070638122495
HD 181433 c,291.289856,-66.468796,26.90,-10.006852488921675,3.899467907797417,-24.663070638122495
HD 181433 d,291.289856,-66.468796,26.90,-10.006852488921675,3.899467907797417,-24.663070638122495
HD 181720 b,290.720764,-32.919056,60.31,-47.35183994721928,17.91238252091379,-32.77569077895065
HD 183263 b,292.102386,8.358054,54.28,-49.756982329450594,20.206629124596446,7.890072806239002
HD 183263 c,292.102386,8.358054,54.28,-49.756982329450594,20.206629124596446,7.890072806239002
HD 185269 b,294.298920,28.499865,52.07,-41.70622867165241,18.830137903489526,24.845548827172344
HD 187085 b,297.391541,-37.780552,45.96,-32.25243593406821,16.71203426191442,-28.156879925649154
HD 187123 b,296.742126,34.419525,46.02,-33.90238331460204,17.08236555776386,26.012719822054677
HD 187123 c,296.742126,34.419525,46.02,-33.90238331460204,17.08236555776386,26.012719822054677
HD 18742 b,45.044407,-20.802603,163.37,108.07289536513271,107.90550162902763,-58.02076271116217
HD 188015 b,298.018921,28.100376,50.74,-39.512874918694216,21.026108692456738,23.899436581489127
HD 189733 b,300.182129,22.710854,19.78,-15.77272864437561,9.173362363636963,7.636678208246172
HD 190360 b,300.905853,29.896805,16.01,-11.908751037777728,7.128892839949749,7.980014761686919
HD 190360 c,300.905853,29.896805,16.01,-11.908751037777728,7.128892839949749,7.980014761686919
HD 190647 b,301.831970,-35.538631,54.56,-37.719430990033395,23.416185965886015,-31.713094465837795
HD 190984 b,302.877991,-64.620468,148.81,-53.56578029377785,34.624076917860826,-134.44811854059088
HD 191806 b,302.367950,52.276329,65.79,-33.9995233161611,21.550084905075565,52.037970318392055
HD 191939 b,302.023987,66.850578,53.48,-17.825217201045906,11.148811046894089,49.173936632897195
HD 191939 c,302.023987,66.850578,53.48,-17.825217201045906,11.148811046894089,49.173936632897195
HD 191939 d,302.023987,66.850578,53.48,-17.825217201045906,11.148811046894089,49.173936632897195
HD 192263 b,303.499359,-0.866877,19.65,-16.38410229537486,10.844137144740136,-0.2972903643907103
HD 192310 b,303.822449,-27.032976,8.80,-6.512009929672437,4.363106559455722,-3.9996284610801087
HD 192310 c,303.822449,-27.032976,8.80,-6.512009929672437,4.363106559455722,-3.9996284610801087
HD 192699 b,304.025024,4.580795,72.01,-59.490762991570605,40.16484123224802,5.751064898702102
HD 195019 b,307.077637,18.769497,37.71,-28.485825805616628,21.526188341749364,12.133632747351452
HD 196050 b,309.465454,-60.634483,50.75,-19.212769963816275,15.818339041103632,-44.22908681284496
HD 196067 b,310.433716,-75.350800,39.98,-7.696019390903045,6.557638819442485,-38.68034460353973
HD 196885 A b,309.966156,11.249649,34.20,-25.708081550477807,21.5457771549998,6.671883525742296
HD 197037 b,309.887329,42.248550,33.00,-18.743590784656988,15.665032697707536,22.187486452436996
HD 19994 b,48.193485,-1.196101,22.54,16.797659711022416,15.022278451276186,-0.4705086237439352
HD 20003 b,46.907997,-72.321892,43.80,9.712940594036318,9.086666558225186,-41.73165795743506
HD 20003 c,46.907997,-72.321892,43.80,9.712940594036318,9.086666558225186,-41.73165795743506
HD 200964 b,316.666016,3.803119,72.74,-49.80789151726481,52.792079635536126,4.824714536590881
HD 200964 c,316.666016,3.803119,72.74,-49.80789151726481,52.792079635536126,4.824714536590881
HD 202206 c,318.740692,-20.789209,46.03,-28.378952486459866,32.34939045939075,-16.33746898014292
HD 202696 b,319.224792,27.258121,189.56,-110.05255960462527,127.6087063937706,86.81846449332568
HD 202696 c,319.224792,27.258121,189.56,-110.05255960462527,127.6087063937706,86.81846449332568
HD 202772 A b,319.699588,-26.616375,147.20,-85.1186844384815,100.36704449382546,-65.94775158439187
HD 203030 b,319.742584,26.230545,39.29,-22.775493503635523,26.89643929451773,17.36555639598624
HD 203473 b,320.578644,5.023597,72.79,-46.045440514933354,56.014056473213124,6.373930122100976
HD 2039 b,6.084491,-56.650047,85.90,5.005465475848931,46.9576106850587,-71.75470795787929
HD 204313 b,322.050873,-21.726255,47.86,-27.34129611498402,35.05938321967172,-17.716454922160928
HD 204313 c,322.050873,-21.726255,47.86,-27.34129611498402,35.05938321967172,-17.716454922160928
HD 204941 b,323.097961,-20.957422,28.74,-16.115290828451936,21.46196144206438,-10.279553131034179
HD 205739 b,324.535034,-31.737484,92.74,-45.7621205325829,64.23917645547243,-48.78385114650164
HD 206255 b,325.591217,-50.093609,75.40,-27.334562871911462,39.907997533652015,-57.83885722812601
HD 206610 b,325.853760,-7.408253,147.78,-82.2575452490077,121.28293296840316,-19.054522302835917
HD 20781 b,50.012260,-28.783834,35.37,23.751467660880735,19.921188661397665,-17.030881547093735
HD 20781 c,50.012260,-28.783834,35.37,23.751467660880735,19.921188661397665,-17.030881547093735
HD 20781 d,50.012260,-28.783834,35.37,23.751467660880735,19.921188661397665,-17.030881547093735
HD 20781 e,50.012260,-28.783834,35.37,23.751467660880735,19.921188661397665,-17.030881547093735
HD 20782 b,50.014908,-28.854071,36.02,24.17258085981723,20.272488070554896,-17.38254762699666
HD 207832 b,328.151184,-26.026560,59.03,-27.990143106604616,45.05771639090946,-25.901640537003885
HD 207832 c,328.151184,-26.026560,59.03,-27.990143106604616,45.05771639090946,-25.901640537003885
HD 20794 b,49.981876,-43.069782,6.00,3.3567849904728457,2.8184869796860355,-4.097331530774206
HD 20794 c,49.981876,-43.069782,6.00,3.3567849904728457,2.8184869796860355,-4.097331530774206
HD 20794 d,49.981876,-43.069782,6.00,3.3567849904728457,2.8184869796860355,-4.097331530774206
HD 20794 e,49.981876,-43.069782,6.00,3.3567849904728457,2.8184869796860355,-4.097331530774206
HD 208487 b,329.332703,-37.763622,44.00,-17.74161789736931,29.919177635738905,-26.9458309202898
HD 208527 b,329.099945,21.239859,314.48,-150.52842811516197,251.5141278108067,113.92763598331938
HD 20868 b,50.177895,-33.730103,47.79,30.525726703289465,25.45303527246976,-26.53690081103087
HD 208897 b,329.748718,19.020302,64.68,-30.80629364815106,52.82170822728619,21.079416775976874
HD 209458 b,330.794891,18.884319,48.37,-22.331159711748768,39.948540562793,15.655360514253616
HD 210193 b,332.394226,-41.224892,42.25,-14.725198173506227,28.159794076037752,-27.84343794049359
HD 210277 b,332.374451,-7.548654,21.31,-9.795624314297516,18.7169683990096,-2.7994532043989047
HD 210702 b,332.963867,16.040550,54.28,-23.712486453138784,46.465910104396656,14.998519406256014
HD 211810 b,334.527252,61.134438,64.76,-13.445767971514007,28.22417906589858,56.713884011874036
HD 211970 b,335.567535,-54.560619,13.00,-3.117844272538053,6.86291038561545,-10.591482810787792
HD 212301 b,336.878845,-77.717926,54.32,-4.5374599468862895,10.62705148788058,-53.0767334517144
HD 212771 b,336.762787,-17.263659,111.51,-42.01301117817065,97.84813590864471,-33.092737737248385
HD 213240 b,337.751526,-49.433270,40.92,-10.075802950443336,24.630414798047003,-31.084839741906094
HD 213885 b,338.984650,-59.864468,47.97,-8.636671123832311,22.48129342487956,-41.48638641582595
HD 213885 c,338.984650,-59.864468,47.97,-8.636671123832311,22.48129342487956,-41.48638641582595
HD 21411 b,51.546322,-30.617809,29.16,19.65187960257517,15.605886931179631,-14.851448453842027
HD 214823 b,340.082794,31.787594,101.66,-29.437170384776174,81.24304836135231,53.55161708755981
HD 215152 b,340.838745,-6.400821,21.61,-7.048790654918328,20.28552784834088,-2.409151347948622
HD 215152 c,340.838745,-6.400821,21.61,-7.048790654918328,20.28552784834088,-2.409151347948622
HD 215152 d,340.838745,-6.400821,21.61,-7.048790654918328,20.28552784834088,-2.409151347948622
HD 215152 e,340.838745,-6.400821,21.61,-7.048790654918328,20.28552784834088,-2.409151347948622
HD 215497 b,341.653137,-56.599533,40.59,-7.033287383093492,21.208492144613377,-33.88629264966427
HD 215497 c,341.653137,-56.599533,40.59,-7.033287383093492,21.208492144613377,-33.88629264966427
HD 216435 b,343.408051,-48.598286,33.01,-6.233821663533539,20.921676456778545,-24.76051335705983
HD 216437 b,343.664520,-70.073708,26.71,-2.560336304107011,8.735582991388881,-25.1109212855767
HD 216536 b,343.266598,44.477753,380.33,-78.13370072188215,259.8826448501779,266.47147055018786
HD 216770 b,343.973785,-26.658764,36.70,-9.054940777984447,31.523887974349808,-16.466406240823716
HD 21693 b,51.802010,-58.323681,32.38,13.362595538849057,10.514566760211848,-27.556293769485393
HD 21693 c,51.802010,-58.323681,32.38,13.362595538849057,10.514566760211848,-27.556293769485393
HD 217107 b,344.564758,-2.395385,20.07,-5.336944366176013,19.32920821946407,-0.838829208447572
HD 217107 c,344.564758,-2.395385,20.07,-5.336944366176013,19.32920821946407,-0.838829208447572
HD 21749 c,51.746769,-63.499100,16.33,5.72206724363405,4.511437324160776,-14.614163668492948
HD 217786 b,345.784180,-0.429622,54.80,-13.457134481104461,53.12039805442262,-0.41090399993431825
HD 217850 b,345.652771,58.875927,65.90,-8.440795098044715,33.0008802772196,56.4136940737038
HD 218566 b,347.294708,-2.260742,28.85,-6.340223738029186,28.121680324413695,-1.1380503869402903
HD 219077 b,348.527435,-62.700005,29.21,-2.664675870191907,13.129476888080688,-25.95651053497315
HD 219134 b,348.320740,57.168354,6.53,-0.7166902755131082,3.467086131088826,5.486945307600255
HD 219134 c,348.320740,57.168354,6.53,-0.7166902755131082,3.467086131088826,5.486945307600255
HD 219134 d,348.320740,57.168354,6.53,-0.7166902755131082,3.467086131088826,5.486945307600255
HD 219134 f,348.320740,57.168354,6.53,-0.7166902755131082,3.467086131088826,5.486945307600255
HD 219134 g,348.320740,57.168354,6.53,-0.7166902755131082,3.467086131088826,5.486945307600255
HD 219134 h,348.320740,57.168354,6.53,-0.7166902755131082,3.467086131088826,5.486945307600255
HD 219415 b,348.724278,56.730328,165.97,-17.80264693975201,89.29043451109327,138.76716098111507
HD 219666 b,349.556792,-56.903786,94.43,-9.346384792285386,50.709039785569864,-79.10918578357402
HD 219828 b,349.694733,18.645720,73.27,-12.419501369282406,68.30440905695133,23.425554190222652
HD 219828 c,349.694733,18.645720,73.27,-12.419501369282406,68.30440905695133,23.425554190222652
HD 220074 b,350.059906,61.970127,327.41,-26.5591355421111,151.55075461117073,289.00569059456336
HD 220197 b,350.492859,16.632538,64.53,-10.212506433816245,60.980841687682236,18.470586330734008
HD 220689 b,351.470795,-20.616030,46.94,-6.516007849367438,43.44811934672072,-16.527739317283967
HD 220773 b,351.614349,8.643845,49.00,-7.064762515766811,47.92552707159853,7.364304821589926
HD 220842 b,351.654114,56.886528,62.50,-4.955908664143137,33.782096163644205,52.34939300606041
HD 221287 b,352.834747,-58.209732,56.01,-3.6804172359238354,29.276276302065096,-47.6075022959056
HD 221416 b,353.033630,-21.801424,95.08,-10.707139703403938,87.62783210477664,-35.31184786992698
HD 221420 b,353.331604,-77.385330,31.17,-0.7904848957209598,6.761260697248298,-30.417583523572063
HD 221585 b,353.225189,63.155483,55.94,-2.979960448582706,25.084492076859547,49.91163885278516
HD 222076 b,354.533112,-70.903358,91.39,-2.848528624432364,29.76338274910289,-86.36063357807302
HD 222155 b,354.501282,48.996521,50.68,-3.186264299617261,33.09838246746401,38.24666257139903
HD 222582 b,355.464722,-5.985757,42.21,-3.319469645028966,41.848418874856776,-4.4017109117095075
HD 224538 b,359.715668,-61.586773,79.24,-0.18710918951476618,37.70408840054488,-69.6946504979765
HD 224693 b,359.974304,-22.428114,93.75,-0.03886465331142486,86.658641722085,-35.76787391531727
HD 22781 b,55.206356,31.826290,32.63,22.767382798285826,15.81999787295859,17.20729054255505
HD 23079 b,54.929562,-52.915836,33.49,16.527746879157473,11.603159973764182,-26.71666823767023
HD 23127 b,54.848495,-60.077843,94.11,38.38312560085788,27.02769186828205,-81.56550521747516
HD 231701 b,293.017334,16.474291,109.22,-96.39779501849263,40.95285917811644,30.97316323383911
HD 233604 b,137.453380,53.568230,868.63,348.8119059394742,-380.0401160813625,698.8689729439532
HD 233832 b,171.522858,50.375778,58.84,5.531769745253632,-37.11521860436581,45.321139343970984
HD 23472 b,55.459988,-62.767075,39.08,14.731066354248135,10.139535253855842,-34.74812094059984
HD 23472 c,55.459988,-62.767075,39.08,14.731066354248135,10.139535253855842,-34.74812094059984
HD 23596 b,57.001556,40.530636,52.08,33.198396911718675,21.558009256104768,33.844424642852005
HD 238914 b,279.584229,59.253857,527.24,-265.7813473077203,44.878302803399336,453.1315823916706
HD 240210 b,347.621792,57.029456,142.86,-16.665829688133385,75.93824438146771,119.85246247393762
HD 240237 b,348.925934,58.043240,958.16,-97.40918673257902,497.6910844614467,812.9487194083565
HD 24040 b,57.595699,17.476366,46.68,37.59215773493381,23.860667342457194,14.01858162598674
HD 24064 b,59.151241,74.080032,302.86,71.31997428132725,42.59754087105862,291.2440392184007
HD 24085 b,56.256458,-70.024101,54.99,15.621122761472204,10.435153921023927,-51.68160394488115
HD 25015 b,59.432999,-20.267792,37.47,30.26538278765428,17.875377857077495,-12.979921848126178
HD 25171 b,58.956001,-65.186676,55.70,20.02723918239797,12.054520967773966,-50.5577710640859
HD 2638 b,7.499466,-5.764002,55.05,7.1486310851078825,54.3031548669283,-5.528738111669821
HD 2685 b,7.328958,-76.304061,197.98,5.979726300386553,46.49261386512183,-192.35061769945307
HD 26965 b,63.818001,-7.652871,5.04,4.482596103109691,2.2039616849506554,-0.6711818439553321
HD 27442 b,64.120956,-59.302155,18.28,8.396283493068621,4.073221856626927,-15.718450534665308
HD 27631 b,64.939461,-41.960266,50.36,33.92279368037017,15.862116796284738,-33.671455561945336
HD 27894 b,65.196030,-59.410835,43.88,20.269653959156358,9.367599409277465,-37.77358349009744
HD 27894 c,65.196030,-59.410835,43.88,20.269653959156358,9.367599409277465,-37.77358349009744
HD 27894 d,65.196030,-59.410835,43.88,20.269653959156358,9.367599409277465,-37.77358349009744
HD 28185 b,66.609673,-10.550821,39.43,35.57784433464536,15.388777332858451,-7.219932458094389
HD 28254 b,66.211273,-50.622192,54.70,31.754952261645787,13.998140187650554,-42.28197107689612
HD 285507 b,61.755104,15.335032,45.09,38.30702453323542,20.5787092970186,11.924625573949882
HD 285968 b,70.732407,18.958172,9.47,8.454646217626593,2.9554075867300384,3.0765928120358894
HD 28678 b,67.856056,4.575287,190.92,176.27418885351912,71.7350629005766,15.229494235994617
HD 29021 b,69.467590,60.676197,31.02,14.22680036147935,5.328357148571525,27.045279839038045
HD 290327 b,80.839851,-2.277619,56.52,55.75513171919071,8.990568608807077,-2.246188564218782
HD 2952 b,8.293311,54.894985,110.45,9.161769646486354,62.85301636201399,90.3590770821677
HD 30177 b,70.476555,-58.020756,55.68,27.79333333718623,9.854936356252677,-47.23000372032869
HD 30177 c,70.476555,-58.020756,55.68,27.79333333718623,9.854936356252677,-47.23000372032869
HD 30562 b,72.151604,-5.674045,26.18,24.797882194303785,7.98484041991926,-2.588389875164642
HD 30669 b,72.118690,-28.419298,57.10,47.79294569121305,15.419486089191487,-27.175058250204184
HD 30856 b,72.574425,-24.368839,131.70,114.46095220615985,35.92600527794865,-54.34061616165199
HD 31253 b,73.681892,12.352201,58.24,54.60000820265488,15.984893044536113,12.458727809241276
HD 31527 b,73.909927,-23.241880,38.57,34.05165243307165,9.822113506846145,-15.220248120050988
HD 31527 c,73.909927,-23.241880,38.57,34.05165243307165,9.822113506846145,-15.220248120050988
HD 31527 d,73.909927,-23.241880,38.57,34.05165243307165,9.822113506846145,-15.220248120050988
HD 3167 b,8.739684,4.381469,47.36,7.175105002239044,46.67329564771357,3.618140625786292
HD 3167 c,8.739684,4.381469,47.36,7.175105002239044,46.67329564771357,3.618140625786292
HD 3167 d,8.739684,4.381469,47.36,7.175105002239044,46.67329564771357,3.618140625786292
HD 32518 b,77.403000,69.639404,122.55,41.61211283701106,9.299121588002652,114.89325873579965
HD 32963 b,76.982353,26.327963,38.12,33.287779231926436,7.69588918764554,16.906550310989157
HD 330075 b,237.407043,-49.963524,45.36,-24.583818252027875,-15.71775013514524,-34.72920688470157
HD 33142 b,76.898087,-13.986480,121.80,115.11232118078155,26.791527804818088,-29.43819882832931
HD 33142 c,76.898087,-13.986480,121.80,115.11232118078155,26.791527804818088,-29.43819882832931
HD 332231 b,306.741333,33.744450,80.85,-53.87331129247972,40.216417600708716,44.911341393338304
HD 33283 b,77.004219,-26.797472,90.10,78.36385040081039,18.085642577573964,-40.62051800402907
HD 33564 b,80.639717,79.231148,20.97,3.8660173690928175,0.6372620003625294,20.600696756293623
HD 33844 b,78.150421,-14.951111,106.10,100.32368324620155,21.049326350707677,-27.37324314174742
HD 33844 c,78.150421,-14.951111,106.10,100.32368324620155,21.049326350707677,-27.37324314174742
HD 34445 b,79.420746,7.353343,46.15,44.99243812141085,8.403245369215764,5.906647031588148
HD 34445 c,79.420746,7.353343,46.15,44.99243812141085,8.403245369215764,5.906647031588148
HD 34445 d,79.420746,7.353343,46.15,44.99243812141085,8.403245369215764,5.906647031588148
HD 34445 e,79.420746,7.353343,46.15,44.99243812141085,8.403245369215764,5.906647031588148
HD 34445 f,79.420746,7.353343,46.15,44.99243812141085,8.403245369215764,5.906647031588148
HD 34445 g,79.420746,7.353343,46.15,44.99243812141085,8.403245369215764,5.906647031588148
HD 35759 b,82.888962,64.318779,72.50,31.17719974708673,3.8894251105334607,65.33838525889514
HD 3651 b,9.840858,21.250473,11.14,1.774501334968121,10.229768529262575,4.03764545866838
HD 37124 b,84.260361,20.730787,31.69,29.48961047318144,2.9640609486221305,11.21754504483405
HD 37124 c,84.260361,20.730787,31.69,29.48961047318144,2.9640609486221305,11.21754504483405
HD 37124 d,84.260361,20.730787,31.69,29.48961047318144,2.9640609486221305,11.21754504483405
HD 37605 b,85.007210,6.060579,46.85,46.41137560006598,4.054584259221689,4.946419047601221
HD 37605 c,85.007210,6.060579,46.85,46.41137560006598,4.054584259221689,4.946419047601221
HD 38283 b,84.258408,-73.699341,38.10,10.64017354896491,1.069831913480038,-36.5684586293271
HD 38529 b,86.645470,1.168193,42.41,42.32853423387506,2.48106934470607,0.8646297001760235
HD 38529 c,86.645470,1.168193,42.41,42.32853423387506,2.48106934470607,0.8646297001760235
HD 38801 b,86.996567,-8.327700,91.68,90.58871133260087,4.752995931758681,-13.278433972852199
HD 39091 b,84.291214,-80.469124,18.28,3.011773704612696,0.3010814279886394,-18.027672315801723
HD 39855 b,88.625648,-19.704346,23.28,21.91053407163364,0.5256680908338872,-7.849240074941032
HD 40307 b,88.517670,-60.023472,12.94,6.463244968529345,0.16725141241542274,-11.209018308568558
HD 40307 c,88.517670,-60.023472,12.94,6.463244968529345,0.16725141241542274,-11.209018308568558
HD 40307 d,88.517670,-60.023472,12.94,6.463244968529345,0.16725141241542274,-11.209018308568558
HD 40307 f,88.517670,-60.023472,12.94,6.463244968529345,0.16725141241542274,-11.209018308568558
HD 40307 g,88.517670,-60.023472,12.94,6.463244968529345,0.16725141241542274,-11.209018308568558
HD 40956 b,91.663147,63.453838,116.99,52.26299261618207,-1.5174845558747914,104.6562799999292
HD 40979 b,91.124763,44.260445,34.12,24.43117333798437,-0.47966552654421873,23.81306553789341
HD 41004 A b,89.956871,-48.239693,43.03,28.658654521397263,0.021572607176466304,-32.09769393034047
HD 41004 B b,89.956886,-48.239841,43.03,28.65857161582652,0.021565041969110237,-32.09776795806069
HD 4113 b,10.802486,-37.982632,41.92,6.192717819670946,32.455712848539314,-25.798514482409455
HD 42012 b,92.485275,34.135300,36.84,30.46433025557278,-1.3222572222890272,20.672731264095166
HD 4203 b,11.171676,20.448927,81.57,14.808224425008268,74.9815201949377,28.498298521749284
HD 4203 c,11.171676,20.448927,81.57,14.808224425008268,74.9815201949377,28.498298521749284
HD 4208 b,11.111043,-26.515680,34.23,5.902629468375633,30.055290240302416,-15.281733996187917
HD 42618 b,93.002357,6.783074,24.35,24.14637146160328,-1.2664537556141564,2.8759937627125574
HD 4308 b,11.163615,-65.649521,22.03,1.7586392802741877,8.911474866342258,-20.070219320885034
HD 4313 b,11.418160,7.845021,136.82,26.83248514005614,132.85695432943027,18.675112516832325
HD 43197 b,93.398590,-29.897270,56.30,48.72178553160472,-2.89340418950998,-28.062534219283158
HD 43691 b,94.894485,41.092304,85.81,64.43502965355553,-5.517782950815634,56.400683726822926
HD 44219 b,95.059677,-10.725009,50.40,49.326636679229004,-4.36729616508182,-9.37921308649083
HD 45184 b,96.182831,-28.780113,21.88,19.0656989960245,-2.0654173389191204,-10.53411472355805
HD 45184 c,96.182831,-28.780113,21.88,19.0656989960245,-2.0654173389191204,-10.53411472355805
HD 45350 b,97.190460,38.962963,46.94,36.211280193386024,-4.568423087611909,29.516712168679348
HD 45364 b,96.410316,-31.480953,34.39,29.144901811533916,-3.2744381480832687,-17.95897695333517
HD 45364 c,96.410316,-31.480953,34.39,29.144901811533916,-3.2744381480832687,-17.95897695333517
HD 45652 b,97.304962,10.933891,34.89,33.978584801192085,-4.355748079860817,6.617804286391927
HD 46375 b,98.302597,5.462925,29.58,29.13703530963732,-4.251982547151138,2.8160642364246904
HD 47186 b,99.036613,-27.622297,37.50,32.81347695717238,-5.218640749374281,-17.386532682225273
HD 47186 c,99.036613,-27.622297,37.50,32.81347695717238,-5.218640749374281,-17.386532682225273
HD 4732 b,12.308117,-24.136671,54.87,10.673971747918557,48.92195568587154,-22.437145072273744
HD 4732 c,12.308117,-24.136671,54.87,10.673971747918557,48.92195568587154,-22.437145072273744
HD 47366 b,99.419968,-12.985116,84.56,81.2865536476859,-13.486008730696586,-19.000456957595976
HD 47366 c,99.419968,-12.985116,84.56,81.2865536476859,-13.486008730696586,-19.000456957595976
HD 47536 b,99.448410,-32.339733,122.95,102.47011050097147,-17.052780480517736,-65.7706745579059
HD 48265 b,100.007195,-48.541954,90.78,59.18843864841297,-10.44418261362342,-68.03422800250137
HD 4917 b,12.776146,-12.927608,205.45,44.28213976465981,195.2848591425382,-45.963228645757084
HD 49674 b,102.877151,40.867756,43.09,31.76607495500492,-7.262071101807822,28.194448128404588
HD 50499 b,103.008438,-33.915562,46.35,37.47694082903713,-8.658047175311044,-25.86193390307341
HD 50499 c,103.008438,-33.915562,46.35,37.47694082903713,-8.658047175311044,-25.86193390307341
HD 50554 b,103.678436,24.245558,31.19,27.632273862006116,-6.725005512492872,12.80811625774978
HD 51608 b,103.713921,-55.259327,34.83,19.282483221957992,-4.705526440338808,-28.62119427477094
HD 51608 c,103.713921,-55.259327,34.83,19.282483221957992,-4.705526440338808,-28.62119427477094
HD 52265 b,105.075150,-5.367162,30.01,28.850177847450208,-7.77095327476863,-2.807066684611565
HD 5319 b,13.755836,0.789553,121.83,28.966575230732776,118.32441864401454,1.6788007500235806
HD 5319 c,13.755836,0.789553,121.83,28.966575230732776,118.32441864401454,1.6788007500235806
HD 55696 b,108.062378,-38.174541,78.15,58.408580306267915,-19.048425906906452,-48.30132210483837
HD 5583 b,14.486255,34.985561,221.00,45.29288611402535,175.3080784230539,126.71476672857948
HD 5608 b,14.559246,33.950886,58.21,12.138222248043611,46.735607206037635,32.50923991329331
HD 564 b,2.470091,-50.267822,53.60,1.4765808050889164,34.229276864593345,-41.220581199845526
HD 5891 b,15.138300,20.292484,285.75,69.9920107756864,258.714191561525,99.10170539522882
HD 59686 A b,112.951653,17.086046,96.80,85.20266703697457,-36.08156755793457,28.44056983164454
HD 60532 b,113.513252,-22.296066,25.99,22.05021305782297,-9.59377035296487,-9.860414520657114
HD 60532 c,113.513252,-22.296066,25.99,22.05021305782297,-9.59377035296487,-9.860414520657114
HD 62509 b,116.328957,28.026199,10.34,8.180596844264956,-4.048248399010093,4.858510077329721
HD 63433 b,117.479424,27.363182,22.42,17.664969750136446,-9.187739768712223,10.304886300643401
HD 63433 c,117.479424,27.363182,22.42,17.664969750136446,-9.187739768712223,10.304886300643401
HD 63454 b,114.841049,-78.278969,37.73,6.955560123465898,-3.2199691714968446,-36.94326571790129
HD 63765 b,116.957161,-54.264145,32.57,16.955610808302684,-8.623352640801443,-26.437661608957633
HD 64114 b,117.982864,-11.032976,31.55,27.346468149884913,-14.529885673669611,-6.037847467220471
HD 6434 b,16.167295,-39.488216,42.41,9.113477288624239,31.43575976581168,-26.96934629641411
HD 65216 b,118.422173,-63.647324,35.16,13.726114177449126,-7.428548536428925,-31.506127280729846
HD 65216 c,118.422173,-63.647324,35.16,13.726114177449126,-7.428548536428925,-31.506127280729846
HD 66141 b,120.566406,2.334571,68.16,58.639798247505546,-34.633088872724926,2.7764755762986395
HD 66428 b,120.869438,-1.162709,53.36,45.79152326758119,-27.372497432270052,-1.0827655124445486
HD 67087 b,121.915649,31.551319,76.69,55.473460996358554,-34.550213433650754,40.12896680422591
HD 67087 c,121.915649,31.551319,76.69,55.473460996358554,-34.550213433650754,40.12896680422591
HD 6718 b,16.952761,-8.233706,51.42,14.838658172329048,48.678571528501855,-7.363918630002711
HD 68402 b,121.348717,-74.410416,78.61,18.041977807561555,-10.990716954635618,-75.71805120058586
HD 68988 b,124.592384,61.460724,60.95,23.971548020341853,-16.53216092663681,53.5439542862145
HD 69830 b,124.599777,-12.632174,12.56,10.08836505062116,-6.959438933215516,-2.7467617916829985
HD 69830 c,124.599777,-12.632174,12.56,10.08836505062116,-6.959438933215516,-2.7467617916829985
HD 69830 d,124.599777,-12.632174,12.56,10.08836505062116,-6.959438933215516,-2.7467617916829985
HD 70573 b,125.708135,1.859323,45.70,37.08889294262275,-26.659059055213252,1.482764506359861
HD 70642 b,125.367233,-39.705410,29.30,18.381781782497033,-13.047437190762,-18.718025570390182
HD 7199 b,17.696762,-66.188164,36.19,4.441484254090665,13.919725329537847,-33.1093727571346
HD 72490 b,128.402710,13.550790,126.79,96.5948228979819,-76.56755239639038,29.70781394403712
HD 72659 b,128.513290,-1.568217,51.97,40.64940966747585,-32.34939786225649,-1.4222698882970175
HD 72892 b,128.719147,-14.456694,69.87,52.78797037665355,-42.32010981464068,-17.44291801248582
HD 73267 b,129.074066,-34.459980,54.91,35.14801952738959,-28.537614037586394,-31.0697506965214
HD 73526 b,129.318680,-41.319103,97.51,56.656523597436596,-46.40368166696957,-64.38118328831541
HD 73526 c,129.318680,-41.319103,97.51,56.656523597436596,-46.40368166696957,-64.38118328831541
HD 73534 b,129.815842,12.960376,83.53,62.52548787968072,-52.123568067183875,18.73387085878277
HD 74156 b,130.604675,4.578097,64.60,48.88901465195782,-41.909873453623,5.15623442659068
HD 74156 c,130.604675,4.578097,64.60,48.88901465195782,-41.909873453623,5.15623442659068
HD 7449 b,18.622173,-5.047387,38.71,12.313178939937211,36.54108634569417,-3.4056912763211518
HD 75289 b,131.918289,-41.736794,29.14,16.18010848678351,-14.526906367778443,-19.39878039304828
HD 75784 b,133.099747,13.233433,85.64,60.87086629139283,-56.96144505487536,19.6046171652443
HD 75784 c,133.099747,13.233433,85.64,60.87086629139283,-56.96144505487536,19.6046171652443
HD 75898 b,133.461685,33.056812,78.23,47.59073360364459,-45.101473731342125,42.67214597753424
HD 76700 b,133.481308,-66.800995,60.99,17.43290795490006,-16.532406461927227,-56.05848157784519
HD 76920 b,133.820068,-67.265472,184.80,51.52947262054267,-49.44964510363597,-170.44203134958582
HD 77338 b,135.302063,-25.527061,46.00,29.196545885192293,-29.506028365715515,-19.823117778378162
HD 7924 b,20.496313,76.710281,17.00,1.3683317677478206,3.6604876256771957,16.544742322430903
HD 7924 c,20.496313,76.710281,17.00,1.3683317677478206,3.6604876256771957,16.544742322430903
HD 7924 d,20.496313,76.710281,17.00,1.3683317677478206,3.6604876256771957,16.544742322430903
HD 79498 b,138.789169,23.375549,49.02,29.645209205244345,-33.85053613558279,19.448989035703107
HD 80606 b,140.656540,50.603722,66.60,26.797628613261537,-32.68968328629549,51.46680199261849
HD 80653 b,140.339249,14.367923,109.86,67.92400707451719,-81.92899248107494,27.261493979180685
HD 81040 b,140.946198,20.364454,34.47,20.360413249179878,-25.094797717921292,11.995232378709161
HD 81688 b,142.166626,45.601482,85.92,36.87164105393715,-47.47750339390002,61.389047536770185
HD 81817 b,144.272034,81.326385,268.97,23.68577969272031,-32.92832243136923,265.8939080201044
HD 82886 b,143.938263,34.780743,127.52,61.65436668131663,-84.66795354625857,72.74219622347371
HD 82943 b,143.711395,-12.129546,27.61,15.976244192080886,-21.758089170268207,-5.801489220334644
HD 82943 c,143.711395,-12.129546,27.61,15.976244192080886,-21.758089170268207,-5.801489220334644
HD 8326 b,20.531721,-26.893103,30.71,9.6059526531492,25.64898906850769,-13.890973090069293
HD 83443 b,144.299286,-43.272205,40.95,17.399116886450273,-24.212796586539653,-28.069800730152945
HD 8535 b,20.905149,-41.269802,52.50,14.080060067789358,36.862092126337544,-34.629295005195345
HD 85390 b,147.510406,-49.790268,33.56,11.637767999688597,-18.27496012926343,-25.629315017363535
HD 85512 b,147.779388,-43.502789,11.28,4.362401459590146,-6.9218523555416045,-7.765037892595816
HD 8574 b,21.302153,28.566692,44.88,14.319420680702644,36.7233373686263,21.460780132118256
HD 86081 b,149.024658,-3.808422,104.24,53.530638033670044,-89.17685263922418,-6.923680023678892
HD 86226 b,149.124359,-24.099390,45.57,21.347138507577096,-35.70290704065763,-18.607176206627358
HD 86226 c,149.124359,-24.099390,45.57,21.347138507577096,-35.70290704065763,-18.607176206627358
HD 86264 b,149.240997,-15.895122,67.94,33.417884006885096,-56.15033176094998,-18.60722632843554
HD 8673 b,21.536604,34.579700,37.90,11.455030219972944,29.02589479303408,21.51022347915576
HD 86950 b,150.406708,-17.333023,211.10,99.51558318428927,-175.2268706249076,-62.89199086125904
HD 87646 b,151.669861,17.895103,135.17,61.0418018146294,-113.224206441705,41.53440028301449
HD 87883 b,152.179749,34.242260,18.30,7.060218798518357,-13.37943190400532,10.297286654412055
HD 88133 b,152.531982,18.186871,73.77,32.32681496966164,-62.18395665320579,23.024888031638337
HD 89307 b,154.588699,12.621108,32.04,13.416568872369403,-28.240851292671188,7.000828376570913
HD 89345 b,154.671066,10.129028,132.80,55.92826031960709,-118.16267022019441,23.354936609972743
HD 89744 b,155.544006,41.229530,38.68,12.043205234802091,-26.480279835302724,25.4931047053217
HD 90156 b,155.980316,-29.645529,21.96,7.768754909012249,-17.43278863627763,-10.862132733794398
HD 9174 b,22.504177,-19.604502,81.68,29.450797220255044,71.08585578729357,-27.40573024167612
HD 92788 b,160.702209,-2.183756,34.69,11.455956164198863,-32.71711927114179,-1.321845286649181
HD 92788 c,160.702209,-2.183756,34.69,11.455956164198863,-32.71711927114179,-1.321845286649181
HD 92987 b,160.901108,-39.058426,43.59,11.074988015532416,-31.98465752415853,-27.46660560604646
HD 93083 b,161.087143,-33.577023,28.54,7.707125095952724,-22.494197942847222,-15.784260567519263
HD 9446 b,23.334101,29.265148,50.42,17.42200417074247,40.38725755304689,24.647912650333893
HD 9446 c,23.334101,29.265148,50.42,17.42200417074247,40.38725755304689,24.647912650333893
HD 94834 b,164.312973,24.142782,98.43,24.285815780303565,-86.47469726006682,40.2590460103683
HD 95086 b,164.262589,-68.667343,86.44,8.528885702248585,-30.266601246656204,-80.51747982676736
HD 95089 b,164.698898,1.729216,137.46,36.258020257517714,-132.5269851762451,4.147983498129205
HD 95089 c,164.698898,1.729216,137.46,36.258020257517714,-132.5269851762451,4.147983498129205
HD 95127 b,164.896194,43.814465,689.75,129.6885501397227,-480.52022061270856,477.531423096921
HD 95338 b,164.859604,-56.623039,36.97,5.312208222611737,-19.63287277008342,-30.872506386643327
HD 95872 b,165.867114,-22.093977,72.37,16.37311025989654,-65.02609759700483,-27.22030109536029
HD 96063 b,166.185226,-2.513218,140.62,33.54548919819178,-136.42090355861626,-6.166167910843666
HD 96127 b,166.441452,44.301559,597.42,100.23616451300877,-415.64213376565715,417.2588936888614
HD 96167 b,166.312790,-10.291301,85.51,19.907971463452917,-81.74508027200135,-15.276603795818067
HD 97048 b,167.013824,-77.654854,185.00,8.888197724637234,-38.541437153969746,-180.72232170740378
HD 97658 b,168.638184,25.710384,21.58,3.830456440539996,-19.062504408427323,9.361887049938943
HD 98219 b,169.448135,-23.975414,114.07,19.08681088261899,-102.46548610558888,-46.351728203773675
HD 98649 b,170.215698,-23.217342,42.22,6.593798770635136,-38.236480042216115,-16.64397223482361
HD 98736 b,170.455597,18.190001,32.48,5.116435140396734,-30.429722867839732,10.139253307842004
HD 99109 b,171.072327,-1.529076,54.88,8.513659394987519,-54.195824975831556,-1.4644312531402657
HD 99492 b,171.692825,3.006328,18.21,2.627362010492897,-17.994136701510556,0.9550461942595838
HD 99706 b,172.125885,43.966579,147.21,14.515335632554718,-104.95465477536187,102.19887265747552
HD 99706 c,172.125885,43.966579,147.21,14.515335632554718,-104.95465477536187,102.19887265747552
HIP 105854 b,321.595306,-37.829430,78.80,-38.66386043463758,48.773442342917434,-48.329051494033855
HIP 107772 b,327.499115,-41.245037,23.66,-9.558727882816052,15.003685873893495,-15.598581072001506
HIP 107773 b,327.500519,-64.712540,103.63,-23.7840827020329,37.33427786657104,-93.69976524092536
HIP 109384 b,332.405823,71.314331,56.20,-8.340085812764984,15.957062459408185,53.2377227753241
HIP 109600 b,333.026062,29.065811,58.60,-23.232654240586783,45.64797029898213,28.468694815895418
HIP 116454 b,353.955353,0.445516,62.56,-6.587581541725432,62.2102944974816,0.4864442082391668
HIP 12961 b,41.678692,-23.086611,23.39,14.307632092048458,16.070563101176752,-9.17173732341269
HIP 14810 b,47.809292,21.097359,50.55,34.94269682869918,31.673778130039494,18.195664794303287
HIP 14810 c,47.809292,21.097359,50.55,34.94269682869918,31.673778130039494,18.195664794303287
HIP 14810 d,47.809292,21.097359,50.55,34.94269682869918,31.673778130039494,18.195664794303287
HIP 35173 b,109.044479,-3.665910,33.19,31.30916861402654,-10.807805734059697,-2.122120617043679
HIP 38594 b,118.545349,-25.303175,17.80,14.136060844590643,-7.689747971260625,-7.607861719072216
HIP 38594 c,118.545349,-25.303175,17.80,14.136060844590643,-7.689747971260625,-7.607861719072216
HIP 41378 b,126.616043,10.080378,106.61,84.24963218721885,-62.60590769511946,18.65990080328719
HIP 41378 c,126.616043,10.080378,106.61,84.24963218721885,-62.60590769511946,18.65990080328719
HIP 41378 d,126.616043,10.080378,106.61,84.24963218721885,-62.60590769511946,18.65990080328719
HIP 41378 e,126.616043,10.080378,106.61,84.24963218721885,-62.60590769511946,18.65990080328719
HIP 41378 f,126.616043,10.080378,106.61,84.24963218721885,-62.60590769511946,18.65990080328719
HIP 4845 b,15.588049,-10.423863,21.11,5.579035901928409,19.99796471679276,-3.8194064448426484
HIP 48714 b,149.036133,62.788464,10.53,2.477370233448349,-4.128932344803104,9.364585117262953
HIP 5158 b,16.508533,-22.453154,51.68,13.572031538430485,45.793365543765134,-19.738035162977905
HIP 5158 c,16.508533,-22.453154,51.68,13.572031538430485,45.793365543765134,-19.738035162977905
HIP 54373 b,166.865433,-19.291489,18.73,4.017199524608416,-17.215829776564657,-6.187908619544698
HIP 54373 c,166.865433,-19.291489,18.73,4.017199524608416,-17.215829776564657,-6.187908619544698
HIP 57274 b,176.170685,30.959293,25.88,1.4821433511362436,-22.143406800967295,13.313421285813721
HIP 57274 c,176.170685,30.959293,25.88,1.4821433511362436,-22.143406800967295,13.313421285813721
HIP 57274 d,176.170685,30.959293,25.88,1.4821433511362436,-22.143406800967295,13.313421285813721
HIP 63242 b,194.383163,-65.646461,157.16,-16.098501406237325,-62.776102140277565,-143.17564336348138
HIP 65 A b,0.185667,-54.830814,61.89,0.11551778173671752,35.64800521883798,-50.59227687661233
HIP 65407 b,201.087662,48.885094,55.50,-13.13082525116505,-34.05115930929744,41.81327513979517
HIP 65407 c,201.087662,48.885094,55.50,-13.13082525116505,-34.05115930929744,41.81327513979517
HIP 65426 b,201.150406,-51.504459,111.40,-25.0195663988298,-64.67026734616272,-87.18794537429122
HIP 65891 b,202.605301,-58.664356,136.05,-27.196044369370245,-65.31726642790358,-116.20513059691258
HIP 67522 b,207.526169,-40.835800,127.27,-44.501140020766,-85.39064930232698,-83.22102167468977
HIP 67537 b,207.580826,-39.900856,112.60,-39.99468674460951,-76.56517527937379,-72.22851906718925
HIP 67851 b,208.466919,-35.314362,65.96,-25.654744223424487,-47.31528783842601,-38.128981570421765
HIP 67851 c,208.466919,-35.314362,65.96,-25.654744223424487,-47.31528783842601,-38.128981570421765
HIP 70849 b,217.327347,-46.463818,24.07,-10.053410003613761,-13.183928318773477,-17.449294581291287
HIP 71135 b,218.217590,-52.646271,32.36,-12.146514231587641,-15.42571920056466,-25.723121489569838
HIP 74890 b,229.572205,-41.420570,91.49,-52.22447150634876,-44.49021236002,-60.52805696569888
HIP 78530 b,240.481064,-21.980389,156.70,-126.44755120818131,-71.59576005740492,-58.65112049447019
HIP 79098 AB b,242.182175,-23.685415,146.30,-118.49353148001958,-62.5216710718014,-58.77085709586925
HIP 79431 b,243.174057,-18.875504,14.54,-12.277469085931402,-6.208775100696279,-4.703877612456839
HIP 8541 b,27.526375,-54.464962,168.63,45.295013677825985,86.9132048258087,-137.2243909180601
HIP 91258 b,279.221466,61.702503,45.95,-21.50107406391028,3.4906813549983604,40.45888601748832
HIP 97233 b,296.421967,-0.696645,102.58,-91.85782831263845,45.64252661254675,-1.2472137382180113
HN Peg b,326.130554,14.771939,18.13,-9.769942674743742,14.555969945146657,4.622646329561486
HR 2562 b,102.504227,-60.249146,34.04,16.490980955097783,-3.657238898839004,-29.553235876557086
HR 5183 b,206.738007,6.350375,31.49,-14.080781824145054,-27.950313725567053,3.4830512289089706
HR 810 b,40.639442,-50.800293,17.33,7.133652630464752,8.311389189295557,-13.429844001027123
HR 858 b,42.984360,-30.814520,31.99,18.73172044093345,20.098307330143733,-16.38721427777786
HR 858 c,42.984360,-30.814520,31.99,18.73172044093345,20.098307330143733,-16.387214277777
