0.0,93.37,13.41,3.6,17.94,13.8,4.31,3.38,1.3,4.55
0.0,0.0,0.0,63.56130443579738,32.536413900410885,44.784565997883426,8.815483022615435,9.9195230470324,25.502126817712544,8.710544161725043,2.712968617971047,5.474737537944053
0.0,0.0,0.0,0.0,9.137188820643965,3.5080036256742346,1.6513451878983951,0.47962902936341806,3.646453769760531
0.0,52.941437540914556,81.14688970085908,26.227229865528713
0.0,3.3252804538227347,12.38807934766419,3.0846749592830376,2.949347512319156
0.0,0.0,32.35325847083753,20.37884566636129,24.605488855675137,21.778377963910604,14.195565941482096,7.238913899410547
0.0,62.190120594682924,0.0,0.0,6.629843599953572,5.563492412187955,7.041190128133885,3.392908266844437,3.295825979394099
0.0,31.25465778095737,27.56049884062561,19.460961603404183,20.599563848841452,13.492962596344976,10.765812089963628
0.0,47.04975513248787,14.740099521726385,9.250210071994738,5.02113563477108
0.0,18.896656650501814,34.30377921023988
0.0,68.51949543416114,83.62896098923552,26.217904492399278,13.637945452512195,27.71780562262247,30.160418415871778,19.35350463268105
0.0,12.671003427915844,0.0
0.0,12.778722334115795,48.57703284507444
0.0,16.760911988189672,5.404948443485893,20.24103001237473,1.6057986448707104
0.0,33.98413898794117,5.639731876013651,0.0,4.013816323580745
0.0,47.93049603632553,65.20203248731929
0.0,24.652937576172892,20.93458073467057,11.7572565487313,5.690502689594867,9.762056466216901
0.0,24.59568034137562,12.861088171560954,16.032460344200846,10.30756524080843,5.446659613523068,5.700219393759887
0.0,0.0,0.0,2.6063087874578867
0.0,0.0,0.0,0.0,0.0,3.7042100021553734,10.635378609012877
0.0,12.205554439065677,35.538559275560075,16.91949831568091,3.812243929481904
0.0,0.0,5.94255711732995,10.363144468936358
0.0,13.70675478109466,35.134241780459654,10.51555735249991
0.0,1.4870743963312745,1.44787527880374
0.0,0.0,7.9119005736457675
0.0,0.0,0.0,3.4132320885355463,7.535604736777103,2.578971835423082
0.0,38.54913615297331,52.3054143874156,12.181766373144566
0.0,11.817240428986393,10.753851555531725,0.0
0.0,0.0,14.065274418988457,10.07437419384569
0.0,0.0,18.03494699309243,0.0,20.93021342586359,21.792025225618012
0.0,4.661519276410744
0.0,61.32946164722011
0.0,61.418723625315664,30.84986140048098
0.0,8.161980325194461,13.769823382748815
0.0,0.0,14.873449807031601,6.415225889869117
0.0,15.01685953938348,27.893877109076197,16.017903355112864,6.185526923377777
0.0,20.673056295079313,10.8175436123922
0.0,0.0,9.651314631229182
0.0,8.714808507892041,90.46545492226457
0.0,19.51998029077416
0.0,31.61563266265768,97.2078383600475,22.71072921255822
0.0,33.04885887083814,42.555973087115426,103.0846445266775,14.483076048732672,12.174218218586894
0.0,38.422174029153076
0.0,0.0,62.95775987048421,8.31369470114441,20.497753543236318
0.0,55.944756759844864,18.560670069008005
0.0,78.97634076366943,56.81050943888589,42.09179109470837,10.195858699337068
0.0,10.612188273787952,12.443921022954223,12.852197775811426
0.0,0.0,68.00498646952097,2.880093702888731
0.0,73.15777346126495,63.6415013958186,57.43624584774708,21.96124298148127
0.0,74.93707512410477,29.035785794382218
0.0,75.3354447808767,80.978338109168,58.06686722068274,70.36059990070305
0.0,48.659633125652526,30.371318311281932,36.81878899939241,95.67083562160988,17.907452590775208,22.17786982305577
0.0,88.93982573310718,49.59035752020639
0.0,11.480904227888598,13.990809860798844,5.967997189925199
0.0,6.213813829110477,8.786271421333172,2.523117108335504,2.3069175396902084
0.0,17.174245594489555,85.04775943010179,22.929712300786395
0.0,0.0,14.572359207732713,6.489162840875482,4.144251435548691
0.0,25.635843807322974,10.037941659892667,13.277640412881404
0.0,9.42309481481119,5.276711288650794,6.0270165710847685,2.8233836440581155,1.6519239461438218
0.0,5.952261801647699,16.47816803697218,7.817336920403001
0.0,0.0,7.4201978095451215,2.866622700849242,4.395064203425237,3.5921756897766146,0.0
0.0,0.0,19.647002611508913,8.313140493583846,3.5373440605148048
0.0,49.25616280664917,69.46515944098432,41.02115849798701,54.75925322196077,15.418445607629218
0.0,14.10275259939358,6.633641112514956
0.0,9.75073276925029,5.370641746407143,5.8018220527715245,6.616761489721322
0.0,18.424626663593926,12.147344215944598
0.0,0.0,0.0,0.0
0.0,54.69920356802787,32.421248408194536,36.13559750328177,5.993687131664753
0.0,8.611620305045488,11.291095305084946,9.207540215779874,12.03028437407438
0.0,0.0,0.0,0.0,16.149741282462532
0.0,6.756744237969398,7.348664565040353,7.389246655216259
0.0,12.067305316778539,10.121279103561927,11.8652005620273
0.0,34.86617326164387,0.0
0.0,53.730625285100054,43.23290971221999,21.706916016486765,2.723907868826518,19.769906785867605
0.0,55.475856543404845,24.358372986446746,26.154690847309553,25.47867221644525,16.09894287409404
0.0,8.82399701807511,11.1559842401015
0.0,36.26667471639498,25.692657992792313,45.86344246547669
0.0,37.90825536718474
0.0,59.42115427133559,10.887229919328783,20.701666185379015,15.441992945122358
0.0,0.0,0.0,2.056262411188652,0.0,0.0
0.0,6.584579925375704,13.721880352767968
0.0,9.580329829557689,1.5705918449544638,22.5711412305399
0.0,9.614339948322296,9.213207685641365,6.763994270857417,5.026386674237437
0.0,10.67502425536963,6.807203387717323,10.008243886795997,10.295561394689596
0.0,0.0,6.1275239373219295,9.649612264428452,6.7397355993998795
0.0,20.05227563138314,14.59732563981955
0.0,18.81072454554651,16.460832109149848,13.024377114341428
0.0,0.0
0.0,32.11248369889971,72.64459554078908,28.861651417266568
0.0,0.0,27.629234154393494
0.0,38.2243846016737,8.187036786133762,6.699984388828848
0.0,0.0,3.656929419817668
0.0,43.379002664202,54.82929891404322,32.131094987239166,13.860337750045636,29.856834135494715
0.0,45.22970706502612,90.50061112970356,20.152625120938296
0.0,36.96389891198347,28.23413543836718,12.397283039018744,22.408883450312953
0.0,64.80400532180434,25.03130354706284,20.861494773784923,24.28018738699863,14.799737377261417,7.339521566254251
0.0,0.0,80.6544964216193,51.41711995812472,37.283302636743116
0.0,75.0635982762285,26.316563984009882
0.0,0.0,61.6053745686455,83.81752953341626
0.0,7.748277911832414
0.0,0.0,9.123484257776655,4.88568416312754
0.0,28.75721508571281
0.0,37.1340979496243,20.271024995560264,6.34320474631955
0.0,79.93920619988162,83.07086568980674,91.47570223195555,79.91272146977866
0.0,23.705590498265245,32.46000314785342,41.713742707780455
0.0,50.58518462127218
0.0,71.85847843318133,113.09816947603399,55.332392970848936,139.8740505039419
0.0,83.98595505574458,5.649450047699664
0.0,29.785272037723466,0.0,63.237463660975806,0.0,0.0,22.918840832285934
0.0,5.953161476106918,6.353674649170484,0.0
0.0,5.474703871468367
0.0,0.0,0.0,2.484243486550509
0.0,5.997466966919513,7.0603827668205135,3.5139272724873183
0.0,0.0,7.3184160483749015,7.85265121712925,5.915089838691991,4.4691952493534695
0.0,12.90878687331858,5.667384740573192
0.0,9.034256030412392,19.211840705432348,8.823707452940278,0.0
0.0,0.0,0.0,5.533638652416147
0.0,22.903534600373693,15.706340737508794
0.0,0.0,12.769006091928683,5.046981387832374,10.159226858804352
0.0,24.24819011516709
0.0,68.82999163587458,18.374686247434976,85.40613263035826,82.10399148561207
0.0,0.0,50.58920793976657
0.0,6.789363198546491,13.574425757739307
0.0,4.410373155294286,0.0,0.0,3.617257427704049
0.0,0.0,0.0,9.37328058748332,4.8360221866479565,5.533894605445019
0.0,36.403037354540274,11.366298084251552,28.12583545619333,4.966586249887751
0.0,0.0,0.0,0.0,27.32521165995687,10.928126651756743,12.262442769665688
0.0,81.435008687072,23.4890769567506
0.0,82.74268853929792,29.10957221140446,59.89464824465675,41.48230737047253
0.0,24.558381866007448,4.763915100830838
0.0,0.0,29.82059846240354,14.859031740205658,5.6984030593108566,7.989024859221099
0.0,11.375381194555633,11.432635286610022
0.0,0.0
0.0,1.8124701780548864,2.614759434807355,1.9668499469343799
0.0,4.45225321125272,2.61120850493788
0.0,0.0,0.0,0.0,0.0,0.0,0.0,7.695555709382214
0.0,0.0,24.691232106148647
0.0,49.024223918049536,24.682068222458806,8.18201641313698
0.0,23.802310504390285,19.25364801300065,23.15587465356095
0.0,4.575489750711955,5.793347231043657
0.0,1.982720011280675,1.1209669022812325
0.0,0.0,4.460785457880191,0.0,5.792957094802809
0.0,14.795497102297714,14.054580237935525,11.886086540160164,0.0,0.0,0.0
0.0,0.0
0.0,0.0
0.0,27.957898682580247,117.2030897713135,54.2552867763366
0.0,70.93695193223101
0.0,0.0,11.967420849960929
0.0,42.27363878639311,25.013517460310357,6.4869124380887415,25.35826045226531
0.0,31.253868700310157,27.16178423077683,9.983425161889425,0.0
0.0,0.0,34.5918797545311,16.130572469325482,13.735163545113936,9.705274953024484
0.0,79.74322616315631,41.83930776689892,89.85434902435581,44.45958835703878
0.0,82.83067314463258,33.09316844239165,14.725431453579894
0.0,1.930708948099321,0.0,0.0,4.996478908006176
0.0,6.468658685265703,2.8178264651818234
0.0,55.91309855103497,55.40487069879362,25.073520361758693
0.0,22.76314155013676,11.039877797935349
0.0,32.399687711179446,34.03053648203516,16.915603991462287,7.2311223771066,14.486878067782495
0.0,0.0,0.0
0.0,66.25421982179131,73.03550140834007
0.0,0.0,81.56170088840727,51.91529176607778,65.90618089870678,58.434417564315034
0.0,77.21568775819844,34.24344935746986,9.97126184527787
0.0,3.7233319009101855,0.0,4.783818704157585,4.35792084573497
0.0,0.0
0.0,27.895676706699216
0.0,0.0,0.0,9.318438426046846,5.190794555414038,6.143476479224864
0.0,34.04188141578283,47.669425312831436
0.0,29.105887761962133,21.737654074145034
0.0,39.75118128857682,18.01137288874778
0.0,39.79527617470559,15.534684037821142,13.064403418989816
0.0,0.0,41.01295807849502,9.45587818768834
0.0,0.0,22.600190030406775,19.235020734040933
0.0,9.575696452718411
0.0,29.274930139061606
0.0,77.20275230721695,36.360569281458865
0.0,34.86766617073518,101.50182153424684,17.254381911976196,15.614543407855955,9.439280498040063,12.888997483294961
0.0,69.59671862595216,59.9046252366802,66.2769677727024
0.0,79.85374143255507,115.23901043007102
0.0,0.0,20.181284316871846,24.347270198674575
0.0,94.26579831955307,62.474854897379416,36.04290113710687
0.0,2.9009600581178843
0.0,0.0,5.83184386151703,4.1647390604431305
0.0,0.0,87.85954974149205,41.78138236693824,94.0624191230347,26.853559860226845,21.852946419155263,14.524012887702485
0.0,4.972354994627463,3.777096319791006
0.0,7.896066633656066,0.0,0.0,6.082264182884238,3.9581735570441787
0.0,9.553208288614321,6.035195462078614
0.0,18.288171289788615
0.0,0.0,0.0,0.0
0.0,0.0
0.0,11.402647107519199
0.0,0.0,5.762651223103812
0.0,18.02830298802265,9.38396075681392
0.0,25.18841451839509,25.120578480283957,46.31579917124053,6.296462971914459
0.0,1.152961503795975,0.0,6.266068493911514,2.680890781699463
0.0,0.0
0.0,0.0
0.0,0.0,0.0,17.04106236403888,14.236346321725245
0.0,14.7275234740691,27.2002358574028
0.0,0.001689263360266896,12.340541342404153
0.0,16.230823426466284,33.4890738875773
0.0,22.17929075670784,7.802028782941896
0.0,0.0,11.353508021910807
0.0,11.335742564960276
0.0,47.67597910483922,12.546901292188933
0.0,0.0,0.0,58.635575613701505,32.28185189936622,34.03834678486831,14.112345970041513,9.65619224709797
0.0,51.013201054729755,32.75193680976342,19.810723571649234,11.92198053294836,11.644783349802816,0.0
0.0,52.270784397787935,35.850152667686565,21.4059087715758,43.75129982918263,19.187483235705745,12.64749172001709,7.875246070179317,9.798144329540458,4.327182132491072
0.0,0.0,26.401448688857823,23.982119509751623,14.115158264332022,6.174758647682093
0.0,7.395791450578295,3.4533805923158836
0.0,84.30652520174696,0.0,74.3904929400246
0.0,0.0
0.0,0.0
0.0,10.003596728351917,5.519742935637833,4.2417035413667525
0.0,65.37211360479603
0.0,0.0
0.0,68.66959809354982
0.0,94.13786831095538,45.166147919593854,24.356444373929854,25.06804267055494,14.372811264837885,18.83470987671881,15.30895367159108
0.0,67.62978751263034,51.42465547732853,17.861005937224057,89.94537222281234,43.748967643014545
0.0,77.89384284171364,67.6861183631101,11.033301511410574,12.467314343751044,6.406780341324458
0.0,6.437444007977331
0.0,0.0,3.821833878536287
0.0,0.0
0.0,46.98634120824936
0.0,47.319004793999035,25.031489040998704,12.780705440111678,10.772147225278388,9.871539768835197
0.0,28.5180391118129,81.10689365186835,35.33439458575476,19.254470510804737,5.907796037246447
0.0,111.48631094299303,68.13700071731301,60.85369655698336,135.37926085978813,62.52260981639424
0.0,42.92724114541627,41.94452284628247,31.80539427601911,27.11103868575476,13.701297252531202
0.0,0.0,0.0,5.269054752918891
0.0,35.5211211528809,62.77325882414733,40.39542333954029,33.19497821754887,14.341437905391397,17.477914097377774,19.409344763767404
0.0,0.0
0.0,75.43474204086897,30.63727157210898
0.0,0.0,62.643858630749605,6.34031164752509,48.419779012957115,21.928689466713468,8.601159492307032
0.0,13.349844225374502
0.0,38.84595136238278,36.72037219501805,116.67762374870404,23.531540697365948,0.0,0.0,19.546162153982813,59.250078142376324
0.0,42.16109825075209,8.538203006980192,26.964993940364455,20.557811170674793,19.15545949624104
0.0,51.22678169213479,28.79072494827621,45.13239960217578,45.580346789774765,30.620771075206857
0.0,0.0,72.45118540583721
0.0,4.151806317806761,15.522398170667389
0.0,0.0,7.2676900578452255,9.171132829864357
0.0,22.758534905095278,9.809696217495077,12.84405543610352,13.152542918304285,18.846624530894395,14.479388548701037
0.0,38.39141964456526,8.644999404425032
0.0,44.837274298561844,26.30439696996534,6.057069231491806
0.0,25.877869494526674,48.322999987181106,26.08599618300976,22.54367368204325,16.896517541897335
0.0,11.786285101784975,45.316437047548405,18.868407519777588,14.088162067446351
0.0,38.64970103238088,24.68245768859203,19.738694158705872,11.712569666379009,10.131286774877193
0.0,0.0,21.644615206731814,27.0274989376423,10.108638208316712,11.212350665850845,13.199467152882162
0.0,9.041364103235924,0.0,11.856019408482515,25.64490010282316,13.869525293329945
0.0,37.08179826508887,18.86718085828023,15.935773910845176
0.0,0.0,22.852362658877976
0.0,0.0,27.915194789399905,14.61183496869764,17.821809144543757,21.203055105469765
0.0,14.004596445874647,19.711069457716665,23.825260688731376,5.243218399372673,10.876695451611551
0.0,0.0,28.388122540570286,2.285309279752919
0.0,28.641190371225502,37.98701938756184,6.087079645872076,15.725550804165332
0.0,25.840273364921753,19.505623434581377,5.97250775935357
0.0,36.18878489461924,35.683555268868005,18.918785641665504,6.472435672668432,18.766248978925223
0.0,40.86390478392705,27.784730599412466,29.79910366129051,14.387449174524782
0.0,51.69323025837797,22.09529533582623,33.970018727491365,21.684881186497982
0.0,43.677534750766654,33.61032008472327,16.86004990090764
0.0,49.06052767855917,0.0,19.401184590910514
0.0,65.18444374594102,96.84580687719125,22.449448558336588
0.0,26.769352297121134,20.902968534635892,13.93322054696336
0.0,15.042065090032596,29.541951417118767
0.0,30.892081675437073,28.643453758813326,23.80080466521819,9.724069871075214,21.47572000377354
0.0,68.10921582456646,43.30632755033148,59.18858316211947,7.4193800995405725,17.587797158362054
0.0,80.30888907653846,94.18861233008634,62.744823416889865
0.0,70.46907127281493,16.473477363706543,12.262311010750807
0.0,24.01453883799544,9.868683092134054
0.0,27.640811954577,44.443603025957174,25.317698272783247,18.478059491326942
0.0,35.70068582559206,90.86338562192083,27.652276252397762
0.0,68.5541390946959
0.0,82.92796528252659
0.0,64.15048453386694,10.307186161139795,22.55914835506815,14.578996821758132,12.306895825443574
0.0,36.264871691687034,22.283013720960657,2.87627411881303,24.363465877347,0.0
0.0,94.71680242884247,95.3367547292999,69.02614375585361
0.0,38.86715367533487
0.0,32.903215500762336,87.96735462483709,43.62583893721845
0.0,40.977025656236975
0.0,0.0,19.01555199671563,73.95921554407597
0.0,24.632504786189926,16.01220835080246
0.0,15.738290029115914,13.009425988170351
0.0,0.0,53.14875916509357,36.51832504805584,54.3403100022023
0.0,15.346567157255436,30.338797401643948,6.63241295193201
0.0,0.0,15.754427249337837,15.536289499896645,0.0,2.762663531189
0.0,0.0,61.749912900706185,25.57656626077551,17.443025770526404,8.853167365595944
0.0,0.0,58.183869587485574,51.62551372545558,69.11379609981833,41.558999263194316,11.540935518886902
0.0,23.82079511475962,14.880710836575686
0.0,0.0,0.0,0.0,0.0
0.0,33.39304744850271
0.0,0.0,59.86424031162802,37.23903068700702,12.465513878402893
0.0,14.369243037408202,19.423363210012855
0.0,0.0,0.0,0.0,0.0
0.0,17.81205108763516,34.54595805231202
0.0,7.550066785053512,15.505422342411137,13.957315269150602,7.418997456736422,8.14955105673091
0.0,32.39603541693526,10.775327068185893,13.09316683825002
0.0,30.739432124026433,22.408962106244847,27.45085795432258,20.712035351597326,14.474765063574342
0.0,38.62224567414886,37.46546533108313,19.019039674216028,18.04699322233162
0.0,18.113874222380424,19.664805693093747
0.0,38.48972208845516,19.12235054672687,13.918667795135551
0.0,57.46747743701313
0.0,19.79383626785181,19.73127635938541,12.253670944037047
0.0,0.0,32.519363824249126
0.0,13.161342289436861,16.71685210558025
0.0,43.9764536708482,28.287233208634113,16.35658087233024
0.0,0.0,11.7064281911572,3.992997193319252,16.719300212988262,21.468170475264923,7.576915445877263
0.0,17.215973884130715,29.192000381236618,7.714657354317814
0.0,25.604406435055687,18.919362823716373,17.11582591878679
0.0,35.17410198936183,14.00711984714536,25.452164617593677,15.924985462026953
0.0,36.61407129730569,10.451725823401858,18.953545109270966
0.0,66.66682151072669,38.24270696695146,45.14235095783092,24.35102732035616,19.140925853140043
0.0,0.0,0.0,11.662372782034385,38.482641645325096
0.0,41.821819653309994,33.86839678792269,16.950884961894136,14.881251910152498,17.83566693372347,8.693599040310993
0.0,33.606495580894396,44.50006652747364,26.393522996869347,13.131906665205769
0.0,40.29518779448956,15.628416208260639,30.50278510423646
0.0,0.0,52.15223730273601,67.30887675450838,34.5922733902593,0.0,0.0,0.0,17.94311432117724
0.0,7.849892633202904,9.113654544755008
0.0,14.330186480148154
0.0,9.870481587015584,37.01157030291383
0.0,0.0,43.68960242866645,25.72951733763581,5.786054678371169
0.0,16.02544269277542,21.5605173735324
0.0,0.0,0.0,0.0,36.10526179536416,29.97655044414089,10.799129893574714
0.0,8.457538386658975
0.0,0.0,13.992610934796264,18.728950531735624
0.0,23.288590202124077,21.197356096026702
0.0,27.90849685324014,5.358254137512795
0.0,41.63865452019184,15.358224401187899,10.497437261104544,0.0
0.0,35.74046450653806,24.666739610572908,23.169768905460934
0.0,46.964022478639166,33.488599442880066
0.0,0.0,16.52538177674376
0.0,48.10214276531078,111.20190048344652
0.0,0.0,14.32968285622229,8.3602193240969
0.0,31.942262635016597,18.67059009269955,10.25570931463003,15.733536174621378
0.0,53.79760040641453
0.0,14.02611140207881
0.0,22.40426662740512
0.0,0.0,0.0,22.632931146361788,6.328348974236064,9.720188037578094,4.824734133848236
0.0,29.944823847984058
0.0,22.052776453946173,6.711688271869982
0.0,0.0,110.72290734910634,0.0,0.0
0.0,0.0,22.18005420115518,16.6417331031228,11.205150841461991
0.0,0.0,16.577097185973532,8.776440375693463,14.460374958313292
0.0,37.283162802660954,23.99109028730835,23.41371158762893,31.481327022568113,23.04846825549522
0.0,11.519793438105346,32.6377877696389,14.345308033994106,16.60106225376847,20.350463936665722
0.0,12.233718490591713
0.0,0.0,0.0
0.0,34.36985727234175,26.179191917019402,28.673469772336706,15.160215098236876
0.0,19.131810203522175
0.0,63.186123377416905,37.304896458853435,52.53587532260343,22.27897966199771,28.300953228981726
0.0,0.0,0.0,0.0,0.0,14.659302912206151,29.154091631119925,29.571317112533595,22.604770240467413,24.48467553106998,8.605862767917232
0.0,12.113178813110784,3.2728460498988277
0.0,0.0,0.0,0.0,0.0,0.0,9.822193021292566
0.0,36.02061197066679,25.04096347987171
0.0,9.573091546648048,5.690630785322982,10.871442836817009,17.87565894787411
0.0,0.0,43.488074356715025,20.55455619676055,23.21305104290586
0.0,0.0,27.876726775255378,23.981445376673015,20.24441671267104
0.0,38.07811816731664,19.063300245735363
0.0,42.494179687483076,19.907811077689352,15.095789870094679
0.0,82.34056961858683,55.02316402416284,59.35401556208673,32.33884029603942
0.0,82.80029762564398,31.896673156939087,43.43667269672707,30.192569230790014,10.096461364646109
0.0,77.14211699443334,53.43770449061668,40.03385094435328,26.62949601284383,9.537737728442696,21.751962067946923,29.845217901294067
0.0,97.77235421299004,91.23786851412191,61.30301791398107,107.5181563900198
0.0,7.997053476863227,15.563366734501546
0.0,21.574163102003375
0.0,0.0,0.0,13.728007434159741,9.264308924923847
0.0,1.318552633155721
0.0,10.869868564884767,4.92907911305896,4.867419690237254
0.0,10.127319491489272,5.819745625116153
0.0,23.628112715059352,12.624474360883454
0.0,0.0,12.18990599199702,27.820631830355097
0.0,0.0,0.0,32.831516740801504,16.735125898522618
0.0,21.859306276417616,18.45589854056225
0.0,24.885205878157407
0.0,13.08843342979146,17.517255438855216
0.0,27.0601706193062
0.0,44.95528403592733,57.397420426240124,30.04035052322515,18.680320088717792,26.795672109904775,13.724577361030807
0.0,24.529648681633287,32.290961202689246,19.827231009960645
0.0,0.0,39.99313879780987,33.467814431564456,30.1219515934596,20.099400221552578
0.0,52.56742450508583,49.16231271193848,17.85257167176091
0.0,0.0,9.955514533088788
0.0,53.56769521024069,29.807553270937408,18.761972065511358
0.0,25.14723851786848
0.0,32.521098673292,23.80349134623038
0.0,50.67835160730386,27.597228566690397,34.45961899442313,37.005173963579765,22.702766604047895
0.0,7.7080696286772055,59.312580866675916,24.363901774435828
0.0,38.04448318311652,9.987393749041658,10.473553737356024
0.0,21.490034803425004
0.0,24.905666342738247
0.0,10.53973474448538,21.480529192848902,13.989081040510227,15.03624141546464
0.0,9.571023360485428,15.677789654745004,14.430834843089553
0.0,20.43811936539809,16.737109709932067,16.726469418456656
0.0,51.127075915174935,16.58165880707492,22.428185585092905
0.0,58.809599598635145,31.682342304319366,19.143590504552364,27.418747486199752
0.0,61.319339731871956,48.8773083196969
0.0,25.64166996437303
0.0,71.58705057361163,23.202399265605187,74.68331743137902,26.407287763710915,28.483840360512158
0.0,22.158383179495484,2.548847100351071,19.846009344492995
0.0,22.813116742180735,23.573594159605037,5.528466959015259
0.0,0.0,15.829940196181402,4.0774873045381606,12.094533150793808
0.0,30.621846074194675,73.44077881333473,19.14824441482334
0.0,0.0,74.34725763249061,0.0,0.0
0.0,50.2608924186598,21.93302739076058
0.0,9.779919424851348,20.866079298183386,7.44044568246979
0.0,19.105003063004855,32.34472997193189,30.004172614976753
0.0,65.55872650816778,22.54596310456003,48.909477496922854,30.24165544186044
0.0,82.36437073330653,41.0390750541879
0.0,30.19846996202129,3.444198685414806
0.0,59.734115122934334,33.78297073157906,17.478471967253228
0.0,95.01396446008934,53.03809881424185
0.0,101.98120215830498
0.0,37.37805341696875,141.7427668775065
0.0,13.29077198752888,28.081182662239023,27.38226772220289
0.0,15.540872884190142,25.577402540506476,14.245910926207644,19.293714756198533,18.903793521647962
0.0,0.0,15.589517124311906
0.0,23.17694373920126,28.74753103850492
0.0,0.0,26.53230183627282,28.148744838207048,26.199568104399656
0.0,29.88434512643529,23.49148637285605
0.0,30.49611172515882,25.865849833949294
0.0,42.86282336140791
0.0,31.977630912869582,23.626877230163327
0.0,34.17974997333742,3.460728055300413
0.0,38.708885997800266,19.21092293695779
0.0,38.88657591141685
0.0,35.46774794671642,24.110973433266324,10.65216252676735
0.0,53.42637957723521,23.688590373524036
0.0,66.33040929214732,33.464545561290855,23.00957246394346
0.0,76.68446176545534,28.412645758211717,14.653710525008103
0.0,77.70364296117293,22.757486259477865,23.896301452944556,16.14439262669528
0.0,0.0,0.0,12.339262741767055,17.421336015849302,10.297923328706354
0.0,14.698659964956072,16.856141539917072
0.0,7.971506737744695
0.0,0.0,16.303974696899967,0.0
0.0,0.0,5.513056668734558,8.341505696731186
0.0,21.29111242474309,4.298026452997122,13.334028975528698
0.0,22.776488254444985,39.06976541911692,19.10525865338541,14.38212256029217,15.908329278571127
0.0,24.02502148681502,20.31542262221647,7.26090023433329,13.95604279273477,8.530700507352897
0.0,29.757559743733413,12.745340191297768
0.0,19.10679988734267,18.63352226144195,18.128746337094373
0.0,37.03404711178424
0.0,32.65871993701605
0.0,0.0,7.353774389202489
0.0,14.318244205245094,11.187601183974722,5.015590330270314
0.0,0.0,0.0,0.0,16.888067261757335,20.077702024244754
0.0,19.24805582612914
0.0,13.86153972144395
0.0,0.0,44.200931082262734,7.21301353590235
0.0,46.10005733900364
0.0,5.783349705833161
0.0,19.55439150042836,6.432341443452729,11.450774347084934
0.0,12.0808855339771
0.0,20.0916183469565,0.0,0.0,0.0,12.63562953112717
0.0,11.426897764873091,4.0203046384233145,0.0,0.0
0.0,10.328568885832137,25.842580054792556,21.96212877917612,40.9060839224065
0.0,13.321639006143837,17.991231742670493,15.768109442762544,9.241135494098467
0.0,13.438227835876948,2.138311909330271
0.0,17.89560350004803,5.199515691551919
0.0,20.4520158625943
0.0,12.46677038690486
0.0,0.0,20.99803426907386,13.035503897022169
0.0,10.254098598337043,24.925256673592564
0.0,19.00640996793742,9.473260514726968
0.0,9.841015493559425,13.437196328297736,4.9207682790087945
0.0,16.534123356801363,14.586759443249104
0.0,0.0,0.0,0.0,0.0,16.172448021069695,11.993486086671648,10.639281221278535
0.0,42.97866600113347,36.0292132293727,42.64689986995783,21.9611308739806
0.0,27.98659338685478,19.400138594112768,21.666298759994007,16.270964374968692
0.0,13.405805267816229
0.0,0.0,32.335297046366215,36.56052774605234,34.54665987749896,17.301605569975912
0.0,25.307028973238307,17.452560040802457,13.123982549982253,14.63200441368913
0.0,0.0
0.0,11.481014590465472,8.613545826838351
0.0,13.687220442215594
0.0,19.69475358622876
0.0,0.0,23.374885715763554,19.219028801841997,14.70978673416289
0.0,41.02683346151205,59.79175994370627,47.73334386412098,28.484220331194937,3.4105723827277665
0.0,0.0,55.14912854301502,70.53796336233775,24.706415108334735
0.0,0.0,0.0,22.434861549555947,28.90857163188332
0.0,16.982530112765442,16.61662107392531
0.0,0.0,0.0,52.43355609806341
0.0,12.547219050686305,24.326288415912522
0.0,13.980765422548291
0.0,0.0
0.0,8.483174638378554,15.147637440447538,11.146524117350898
0.0,14.026384470448814,16.132017910549006
0.0,25.89736680590399,32.38341069875898,35.56961990971228,24.88393353026342
0.0,22.779997110852054,16.459377555615806,0.0,0.0,0.0,0.0,0.0,0.0,0.0
0.0,38.40812321059571,71.86856710816161
0.0,34.55544052774135
0.0,15.400902129061048,36.2089098097117,19.743011864630226
0.0,21.60753774854751
0.0,32.001996136576984,30.304586442544405
0.0,19.98281869170227,22.259512607618877
0.0,28.127857464710758,36.962989237863866,19.711847007682476
0.0,0.0,0.0,29.149300334442977
0.0,17.311130288080992
0.0,32.44084920499155,20.089127734559643
0.0,17.300741208131228
0.0,24.89161760649032
0.0,9.71278797566305,15.365173932135589
0.0,0.0,6.785764962417807
0.0,23.38138380968657
0.0,10.928888748992387,15.410355879091036
0.0,18.94350795253493,14.083488300655914,18.968349867512106,6.541164583121899
0.0,0.0,26.92668231595493
0.0,16.742098742053354,6.551336254166679,0.0
0.0,0.0,0.0,30.48926859088101,16.004116605418616
0.0,15.841285149200608
0.0,15.311202783150392,22.81342931247052
0.0,38.62773817087649,19.191111434352297
0.0,0.0,28.741119213001657,18.343817725768535,12.528635340728027,31.25812425982237
0.0,29.977616314287182,17.394769995061758
0.0,6.615829011298716,13.719855333322574
0.0,18.642319284307774,16.771872000539567,9.328135795752601
0.0,0.0,0.0,0.0,0.0,24.66090680042841
0.0,15.322173889863837,8.402824416741554,22.315667383562786
0.0,0.0,14.13970377605888
0.0,27.91610890437922,27.60792660165206
0.0,10.146331421131707
0.0,9.409432373777642
0.0,16.073893731160464
0.0,0.0,0.0,13.898894194779226,5.465064501443287,10.914247409254589,9.915840038976985
0.0,0.0,4.990995571319579
0.0,29.9162825868898,15.049971416149221,15.766433881432786
0.0,50.59446781206508,29.816777164913233,15.707971886422351
0.0,51.34145978613388,19.64771372200573,18.98064990889833
0.0,9.76494505079673,9.142287562157058
0.0,0.0,25.32915251692229
0.0,13.294500042592222
0.0,9.537402415834322,8.6124738000955
0.0,11.629388701721155
0.0,0.0,24.012668967474095,10.3595968134599
0.0,10.289462277510799,5.476977071410189
0.0,18.969876409089995,9.422463514329294
0.0,0.0,14.469490253135563
0.0,0.0,0.0
0.0,22.201456675464343
0.0,18.745872793967447,7.77338689729124,6.031423543302413
0.0,15.618471594468112,17.902353986621904
0.0,30.517234623606033,10.671249582994557
0.0,0.0,0.0,18.87781993939216,11.553624230994478,7.462645553703608
0.0,13.566716055921113,20.982751842100992
0.0,8.934512525369499,16.794026049535546
0.0,9.542258782393164,20.37054482304104,10.946273762498414
0.0,20.354056818497135
0.0,10.854633444188206,18.060052657503608
0.0,0.0
0.0,44.32768949682701,16.739255919965903,20.249320830836147
0.0,21.610875625942615,19.25254002617891
0.0,12.92582032443767,14.205290553426536
0.0,11.721757182479648
0.0,26.582294599229883,31.941473092076787,6.2739285038522805,27.25684357658207,29.488059735363677
0.0,23.210337755526968
0.0,21.691654829900905
0.0,0.0,0.0,0.0,18.155956982208966,9.73459481466737
0.0,38.36491590571968,73.28415621052224
0.0,8.735144241637846,9.331847124204835
0.0,0.0,21.98241708866591,19.64057928371837
0.0,42.3076608199829,24.742286546138487,20.02719611146637,16.19245737565125
0.0,0.0,0.0,0.0,15.869426458193491,10.798148916430808
0.0,16.637117272988284
0.0,12.656208968768675
0.0,48.43976863875368,32.73844906452037,15.098101539822492
0.0,0.0,60.884199636427105,26.471539595229647
0.0,0.0,0.0,31.714218908062335,23.158229200755347,7.29913266406174
0.0,16.969914761310502
0.0,0.0
0.0,10.382397034743564,12.682485300354246
0.0,0.0,0.0,28.60098398407195
0.0,60.641468959662774,15.463742636350121
0.0,0.0,13.871272918335414
0.0,9.510411295172416,8.757380661800962
0.0,19.953942221205413,9.530650070563611,14.6150980534328
0.0,17.00322737126758
0.0,0.0,0.0,15.140756183560597
0.0,5.821786511168789,18.909620823325675
0.0,0.0
0.0,10.812771618583778,13.025896681420884,18.949116248448274
0.0,0.0,0.0,12.090700039698024,12.754851205192338
0.0,3.4385820392518163,19.49457821321157
0.0,0.0,0.0
0.0,0.0,0.0,0.0,0.0,3.185928389683165,6.699174701406145
0.0,28.11699913669192
0.0,14.227943172334626
0.0,4.289969969153978,5.059635645506997
0.0,53.03325688167303,14.452357676769886
0.0,22.794901301331972
0.0,19.62974417538229,9.457070210285252
0.0,0.0
0.0,41.65003057398076,49.33556308963537,26.77351120640018
0.0,74.50744977603183,48.03291737905287,37.921301843335996
0.0,0.0,18.0680262851779
0.0,0.0,0.0,13.907126855582153
0.0,64.55065452382799,34.07350991700802
0.0,27.956130622783707,63.75102093969572
0.0,22.828232473054776
0.0,0.0
0.0,22.55001072033829
0.0,14.342593692244863
0.0,0.0
0.0,20.909981257525523
0.0,38.70196652295011,18.8798999891272,11.82874999286092
0.0,12.615331653421983
0.0,0.0,0.0,10.78825421758647
0.0,0.0,20.41787387812863
0.0,12.701874876703426,35.669323234192184
0.0,22.69513689991993,14.067863830382795
0.0,0.0,8.563202645033408
0.0,0.0
0.0,13.21148689618032
0.0,0.0
0.0,0.0
0.0,29.681235632352735,29.49621372061997
0.0,9.332413635543233
0.0,0.0,0.0,0.0
0.0,14.439882435812764,6.469762467525984,7.727024166411527,8.384804510334261
0.0,0.0
0.0,18.674281894692253
0.0,0.0,17.268664205523322
0.0,0.0,19.679341546688185
0.0,7.3368885181809915,27.260366811896162
0.0,0.0,19.030265651733565
0.0,0.0,0.0
0.0,0.0,0.0,0.0
0.0,0.0,0.0
0.0,11.588616415264697
0.0,0.0
0.0,52.325816077118354
0.0,0.0,52.31239828168137
0.0,57.383827498495926,32.25368085997896
0.0,0.0,0.0,19.133323528129235,10.830983887402509,8.161300830229617
0.0,4.825731564075398,14.436867925192104
0.0,0.0,4.715802088443315
0.0,0.0
0.0,11.374185957246173
0.0,0.0
0.0,36.84861326575968,30.51845115323887
0.0,19.987721767754124,24.053052521525323
0.0,0.0,6.499630148719909
0.0,0.0,11.336309832064881,14.376768156395284
0.0,0.0
0.0,20.7877653963165
0.0,0.0,17.10907365312778,10.352789107629155,20.095303672117566
0.0,0.0,25.289095998734307
0.0,0.0
0.0,0.0
0.0,23.65643496878482,10.771841440811874
0.0,0.0
0.0,47.83571911383545,49.28532043378971,32.786284269441744
0.0,39.20139796123725,30.581302228358627,38.512883396913374
0.0,17.43981184906149,13.61573889516971,5.151732265149189
0.0,0.0
0.0,0.0
0.0,48.21409528997567,11.137940976378799
0.0,0.0,31.0634709997067,20.588379788893445
0.0,8.75668303558935
0.0,0.0
0.0,0.0,19.387635881449707
0.0,18.449289495473494,15.089712487327045,6.60205199776342
0.0,0.0
0.0,10.489325402064273
0.0,0.0
0.0,0.0,17.63237848541803
0.0,0.0
0.0,29.710359135671798,32.87297451020379
0.0,49.81767236189143,35.92303524831988
0.0,0.0,93.41319725036296,28.852918527999673
0.0,65.90273660517511,26.480888580488006
0.0,74.44512554429608,54.97156621813269,44.8128834885566,21.487580429151638
0.0,66.17700795770703
0.0,0.0,45.14276292513215
0.0,47.631098057173865
0.0,0.0,33.90059398338618
0.0,74.277397593419,15.970114678243794,25.85112736311155
0.0,81.13122177564502,25.8098768632121,28.864292714509663,43.00425183395443
0.0,101.28664606303516
0.0,0.0
0.0,0.0,9.361030778156843,6.3312490438805025,16.61812653942016
0.0,0.0
0.0,0.0,0.0,0.0
0.0,0.0
0.0,0.0,2.692556955146972
0.0,0.0,9.296893300041837
0.0,0.0
0.0,24.648485017059823
0.0,0.0,13.741285594252814,11.914841736089361
0.0,0.0,25.212584566969152
0.0,1.8752408652913197
0.0,0.0
0.0,24.822742645349873,8.274522651515213,12.382275038817733
0.0,0.0,19.668065664738716
0.0,0.0,0.0,13.953381176502873
0.0,0.0
0.0,30.345385055777992,22.030873414461205,29.831634698495563
0.0,0.0,8.19738634626661
0.0,0.0,0.0,21.254329809014557
0.0,0.0
0.0,0.0,13.392366853125493
0.0,20.868424693594676
0.0,0.0,0.0,53.334743658797485
0.0,0.0
0.0,31.168616809829267,32.4986044090652
0.0,26.975063475889627,28.385095229395006,14.098868907995254
0.0,0.0,0.0,28.768785955962834
0.0,0.0,13.234522201904685
0.0,28.065535820527057,14.368034246224266,19.881209925242743
0.0,0.0,6.702677632703919,16.76340702808928
0.0,0.0
0.0,31.675005425188367,29.36365658074044
0.0,32.20120072283415,9.852599601277646
0.0,0.0,0.0,30.678261808192016,10.946063038569005
0.0,9.926392945675234
0.0,0.0
0.0,10.001734078517769,13.075746127427571
0.0,0.0,0.0,0.0,18.777392091971237,16.563064648803454
0.0,35.84836795428922
0.0,0.0,0.0
0.0,0.0,14.193636541629832,17.05699102819687
0.0,0.0,18.59359722810342,8.532148643547702,4.059079267277638
0.0,0.0,0.0,0.0
0.0,31.406345466473255,33.79336391761945
0.0,9.610660626691132
0.0,0.0,14.379780015963268,0.0
0.0,17.610778403933534
0.0,0.0
0.0,0.0,18.687059385248293
0.0,11.001485734839212,20.79674219263026,7.184416973080757,9.970207522457635
0.0,0.0,0.0
0.0,6.152463158361864
0.0,5.5845455314280725,9.08993846093219
0.0,0.0
0.0,0.0,0.0,9.732022041801914
0.0,0.0,0.0
0.0,0.0,29.34311312207617,15.256041092058558
0.0,0.0,0.0,0.0,10.611125530287179
0.0,18.716400985780247,18.095352763519706
0.0,0.0,10.027226330146924,12.225415855397491
0.0,0.0,25.636880417152742
0.0,0.0,0.0,10.254275760465145
0.0,0.0,0.0,7.959784912672528
0.0,39.94303938962099,23.84767302487804
0.0,0.0,0.0,0.0,0.0,19.718024916762822
0.0,0.0
0.0,0.0
0.0,0.0
0.0,17.844941412915492,15.68425087142284,15.057622534223128
0.0,0.0,17.67193198806362,8.010973166788608
0.0,12.119524511651655
0.0,0.0,0.0,0.0,0.0,7.9303292463004595
0.0,40.79498211509824,52.779943412377634,42.54291350811767,0.0,0.0,26.47766524008429
0.0,42.0652756406429,0.0,28.851267944744222
0.0,20.409810895716678,58.46038054543827
0.0,0.0
0.0,42.79411544215445
0.0,0.0
0.0,0.0
0.0,0.0,16.71461962228315
0.0,0.0,19.960713680868768
0.0,0.0
0.0,0.0,0.0,19.70323028392513,9.344709154515467
0.0,0.0,24.679224758742706
0.0,0.0,0.0
0.0,26.39867324079482,22.595826746105196,12.230795968507884
0.0,0.0,0.0,36.749448957268854
0.0,0.0,8.817108262828949
0.0,0.0
0.0,0.0,15.072263055855299
0.0,0.0,0.0,0.0
0.0,0.0,0.0,0.0,13.316358466134599
0.0,0.0,0.0,0.0
0.0,0.0
0.0,34.92232496631846
0.0,0.0,12.668164698638499
0.0,30.821126402115905,14.064472523965986,13.100092022032165
0.0,0.0,0.0,29.37794724710329
0.0,0.0
0.0,0.0,0.0
0.0,0.0,0.0,0.0
0.0,7.081105820990668
0.0,0.0,0.0,21.711476723210538
0.0,0.0
0.0,0.0,0.0,0.0,0.0,9.37600191376593,8.059323394311669,11.812914415485427
0.0,0.0,22.440068924698828
0.0,48.42761780580726,88.75124364809207
0.0,0.0,45.263372218868405,35.393127363132436,40.93309765634896
0.0,0.0,0.0,0.0,60.33772148293276,87.60077713261116
0.0,0.0,22.102373283893137
0.0,0.0,0.0,0.0,0.0,9.71375762620684
0.0,0.0
0.0,0.0,16.045338491756834
0.0,27.3702273371348,17.038414008922402
0.0,0.0,0.0,25.848728942599244
0.0,40.83200709340646,22.720818191921552,22.49723433527049
0.0,0.0,0.0,31.173690623704434
0.0,0.0,18.185666463362963
0.0,0.0,0.0,0.0,37.722449015757796
0.0,0.0,9.687154164121218
0.0,0.0
0.0,0.0
0.0,12.840316426474295,23.73065640661644
0.0,0.0,35.6979705069521,71.40422108964101,27.509142439593276,25.109708536136957
0.0,0.0,26.611409400628492
0.0,0.0,11.133653444054188
0.0,0.0,0.0,3.2629733730680544
0.0,0.0
0.0,21.487122330735954
0.0,0.0,27.95277522129927
0.0,27.187873405291434
0.0,0.0,0.0,20.529790286086396
0.0,63.49710458011978,44.24105473535639
0.0,66.6886139360162
0.0,0.0,35.82196810533883,36.44059632783042
0.0,31.055237417792,55.79081046087037,53.06296933648977,12.973277034463344
0.0,21.375538873199723,21.864615457610896
0.0,0.0
0.0,44.367103176682946
0.0,0.0,0.0,24.300039871031366,31.243245646463762,17.035716993280413
0.0,0.0,0.0
0.0,33.66088772701105,12.059735561407921
0.0,0.0,23.60284941124966,25.686862399326127
0.0,22.497311518252783,24.29465093123688
0.0,0.0
0.0,0.0,0.0,0.0,25.897810744252507
0.0,65.13414150502541,27.117561274505825
0.0,0.0,0.0
0.0,14.431698010931287,14.661343561549701
0.0,0.0
0.0,30.194256776494665
0.0,20.28758095952017,15.832394539618099,8.110107942200736
0.0,0.0,19.94365830734461
0.0,0.0,11.938818694184906
0.0,0.0
0.0,0.0,0.0,0.0
0.0,0.0,17.456571963554648
0.0,0.0
0.0,18.59490742634579,10.067327346395883
0.0,0.0,0.0,11.459778309299532
0.0,0.0,0.0,0.0
0.0,13.26674617477239,30.525900676652398
0.0,0.0,0.0,24.10916853151898,27.217534551635104,7.481018575328248
0.0,0.0
0.0,51.04923202384628,38.548210713035594,40.19455923532004,0.0
0.0,0.0,0.0,30.381139287000078,14.501083337908417,5.627262596967157
0.0,0.0
0.0,0.0,0.0,0.0,14.704244811701935
0.0,0.0,0.0,11.978131082888869
0.0,0.0,0.0,9.519013051691038
0.0,0.0,0.0
0.0,0.0,9.424925569451016
0.0,0.0,0.0,17.201022498842672
0.0,9.408814480799757
0.0,0.0
0.0,25.61345012809697,13.785669839560493
0.0,0.0,0.0,0.0,14.490489091362049
0.0,0.0,0.0
0.0,37.80731622373408,0.0
0.0,0.0,0.0,71.72305510507464,66.6247540921929,47.88349163482895
0.0,0.0,0.0,0.0,13.002667444611355
0.0,0.0,0.0,0.0,43.90835296660254,22.89589096723416
0.0,0.0,14.643584538943367
0.0,0.0,62.13461188618031,23.386149662808307,39.305168630038665
0.0,0.0,68.70093060385419,0.0
0.0,66.52222319508812,67.77780686853248
0.0,0.0,0.0,0.0,0.0,53.25000431920039,36.191267787035805
0.0,15.61729020260283
0.0,0.0
0.0,80.37870751321378,64.72853835543361
0.0,20.167616809391085,50.474590282905,17.06530746988864
0.0,37.062774508766246,0.0
0.0,0.0,59.66279400059149
0.0,0.0,14.234477770886373
0.0,0.0,0.0
0.0,0.0,0.0
0.0,14.587677818997252
0.0,0.0
0.0,29.337986794231817,31.46426820038717
0.0,0.0,0.0
0.0,17.418204521387437
0.0,0.0
0.0,0.0,0.0,0.0,26.399329834273292
0.0,104.26150343853583,51.67577895752727
0.0,0.0,7.49713359573327
0.0,0.0,0.0,0.0,14.269111999764553
0.0,0.0,0.0,0.0,17.434479324143833
0.0,22.562053338445914
0.0,0.0,0.0,11.976689328624504,10.991467671635522
0.0,16.803633192028187,10.639669066796095
0.0,0.0,0.0
0.0,24.68040518823515,24.786977350497324,19.383427064776573,19.100025865141934
0.0,0.0,0.0
0.0,0.0,23.65617143459367,21.780829285616466,27.35439661356936,20.853485082398237
0.0,0.0,0.0,0.0,16.15003472305671,4.01789036870013
0.0,0.0,45.30268400958673
0.0,0.0
0.0,0.0
0.0,15.76263479396182
0.0,0.0,10.346570144608325
0.0,0.0,8.327572365205334
0.0,12.195366718999228
0.0,0.0
0.0,0.0,0.0,0.0
0.0,0.0,0.0,10.597302294902724
0.0,0.0,0.0
0.0,0.0,11.097251010466511
0.0,0.0
0.0,0.0,0.0
0.0,0.0,9.305746484560297
0.0,0.0
0.0,0.0,3.569029665210495
0.0,11.810090265125243
0.0,0.0,0.0,0.0,0.0,0.0,6.586120495721464
0.0,0.0,14.709822383837057
0.0,0.0,0.0
0.0,14.965504319723593,0.0
0.0,0.0,0.0,0.0,18.954857713748893
0.0,0.0,15.299398314375205,16.53073508161037
0.0,24.480630731185837,20.765152811856378,14.755521176773279
0.0,0.0,6.540185430962658
0.0,0.0,0.0
0.0,0.0,31.532894345458253,33.43342965483891
0.0,0.0,0.0
0.0,17.924464001590742,11.667303551657609
0.0,0.0,0.0
0.0,0.0,11.001631799455117
0.0,12.931896628456638,3.269591048648558,20.63408899350923
0.0,0.0,0.0,11.075810280379898
0.0,0.0
0.0,0.0
0.0,0.0,45.37826887944627
0.0,0.0,0.0,0.0,0.0
0.0,0.0
0.0,0.0,0.0
0.0,0.0,33.707606813475486,18.03739108445275
0.0,96.07010494293512,11.387722857970997,0.0
0.0,0.0,65.698587688917,0.0
0.0,0.0
0.0,0.0
0.0,0.0,0.0,12.951850597633138,12.89873780687297
0.0,0.0,12.652917878306374
0.0,0.0,0.0,12.408241001959109
0.0,64.47731693988055,50.495168813999854
0.0,0.0,0.0,0.0
0.0,0.0,50.98004912887481,46.50191341488429
0.0,0.0,0.0,10.349440675363136
0.0,0.0,17.367660632187963
0.0,40.99885045368934
0.0,0.0,0.0,0.0,18.788723232361146,32.00263600131839
0.0,0.0,0.0
0.0,0.0,24.368895796128903
0.0,17.930082163699623
0.0,0.0,84.90033448996603
0.0,12.418601458646483
0.0,0.0,0.0,0.0,0.0,9.742336154360279,17.64799691902113,13.68778433404251
0.0,18.21456843470066,10.82504020576683,3.3557759315609754,14.738202707813615
0.0,21.31735816498304
0.0,0.0,29.07633794089493,60.272343483217696
0.0,10.4475345814091,0.0
0.0,10.171979018557499,0.0
0.0,67.373785299029,74.68458500421976,45.60141329440182
0.0,55.84066722653335,28.320096417037387
0.0,0.0,0.0,0.0
0.0,3.704559930510651
0.0,0.0,0.0,9.778987567628437,17.955732906958556
0.0,35.48216797234489
0.0,91.09987824433084
0.0,10.488810733143417
0.0,71.65755312835478
0.0,0.0
0.0,34.37531068178274,21.627310297177786
0.0,0.0
0.0,17.083423552382307,14.575844105611893
0.0,0.0,6.694665073836324,0.0
0.0,16.896179339723282,8.358138555010346
0.0,8.368912447774774,17.73233344162273,12.611865261872579
0.0,23.32447969444955,18.59033008102927,9.474871286714393
0.0,0.0
0.0,13.196736793943982
0.0,0.0
0.0,0.0
0.0,7.813527824481955,14.019823135025355
0.0,25.871379752163826,42.53204950078293
0.0,28.75476331117326
0.0,8.0198037528834,19.569999842140557
0.0,0.0
0.0,19.60282475210701
0.0,30.630335397291624,22.38639535326215
0.0,0.0,0.0,18.480012869071405
0.0,34.96532459366148
0.0,25.94377952816656,11.368955078347701,14.957943558023432
0.0,37.601857954796806,25.625551328254513
0.0,0.0
0.0,29.937904390889756
0.0,6.395907125311574
0.0,27.725597054730525,19.427543760005886
0.0,12.123236489115028,1.1138396849890047
0.0,0.0
0.0,22.503729199412835,14.99306540262113
0.0,45.669606075399344,20.869599726272856,8.579349313295234
0.0,49.66351413486292,32.454859957836504
0.0,64.21297889534412,26.268829275851612
0.0,66.3372733986031,57.21202591211872,51.209761124972665,74.91934907378703
0.0,49.47387506684928
0.0,0.0,53.07508749521689
0.0,78.8030077972708,37.71771406149895
0.0,87.57903240478501
0.0,22.413946050363844,14.012231146081422
0.0,0.0
0.0,78.76689987593835,36.714292481424685
0.0,104.34926288800494,87.55641099248551
0.0,19.852113549729633,24.00767397110126
0.0,43.4039547551994
0.0,69.52429451686426,44.69048712678346
0.0,30.652185842010848,21.97669872704079
0.0,0.0,0.0
0.0,30.781341874563623
0.0,81.67223438314514,59.56502794593915
0.0,52.67121779167356,141.68114109799527
0.0,13.397614326235585
0.0,18.03947631239775,22.352917753719428
0.0,18.79974627268293
0.0,0.0,0.0,0.0,5.66852692350648
0.0,0.0,7.888479849214495
0.0,0.0,11.897304061108324
0.0,26.71373523079747
0.0,0.0,0.0,0.0,0.0
0.0,31.807193290556594,5.644867770086889
0.0,6.76373019914651
0.0,25.692002924713552,20.043339357054084,11.392352694586437,6.735387451542153
0.0,0.0,10.825516935862213
0.0,9.592401100282187
0.0,0.0
0.0,0.0,0.0,75.3881181015467
0.0,108.94379935984998,57.91485771962256
0.0,15.243055207651079
0.0,14.131352192784641
0.0,0.0
0.0,24.694181940931855,25.891374667692844
0.0,8.835871190920491,22.247227854707223
0.0,0.0,0.0,10.852710257404897
0.0,9.72783973453826
0.0,12.837137368851662,26.629306934065717
0.0,14.750628100860343,9.658306748540785,22.61050870971129
0.0,18.557314359541714
0.0,0.0,0.0
0.0,7.0413405087096095
0.0,15.788186701078208
0.0,19.371402289551174,47.81866181323898,81.9731021612108,15.27213584456227
0.0,14.842877950639345
0.0,0.0,50.428152004537445
0.0,16.294330370140898,19.98924822322772
0.0,8.24354803961706
0.0,0.0
0.0,20.679246137440195,9.503658804149698
0.0,17.976622983122123
0.0,0.0,20.075944061084712
0.0,21.47870617197595
0.0,30.613299276947515,9.299626366972413
0.0,12.685738205520721
0.0,0.0
0.0,21.409932410308834
0.0,16.463423203506466
0.0,31.0309767692008,29.249934934477253
0.0,29.11578354308598
0.0,12.366619718230746
0.0,0.0
0.0,12.820720042012914
0.0,12.965737953512665,10.175385743234704
0.0,6.38488734133051
0.0,16.229235700294208
0.0,23.245574985560097
0.0,10.877181158479402
0.0,15.549244068102174
0.0,29.570765799134886
0.0,30.069706171865512,21.650328981420436
0.0,39.58297142511802,39.47352969833123
0.0,40.2905363542997
0.0,23.9182557434077
0.0,29.57990572150791
0.0,52.07429701368238
0.0,54.59963564611111,75.74295301055523
0.0,59.97302245064317
0.0,0.0,0.0
0.0,11.824333316490916
0.0,19.662641034161407
0.0,30.500992941502464
0.0,15.559751710886115
0.0,0.0
0.0,106.05475320824839,60.19744129805631
0.0,80.55103516429439,65.64139358705619,43.979168690835955,26.422818434012704
0.0,79.20675027363883,0.0
0.0,0.0,0.0,21.965374114729382,107.34558155372925
0.0,116.1479286828017
0.0,116.64642013363765,105.04543239585044
0.0,0.0,10.846260052293323
0.0,3.7940467365297565,28.66274764743469
0.0,0.0,7.276932241128726,8.541914280193106
0.0,0.0,8.909430925816674
0.0,17.628339565465605
0.0,123.18768621502262,81.41535679292289
0.0,51.0033147704048,103.3220897897129
0.0,0.0
0.0,21.17484992721379
0.0,67.84876663664141
0.0,50.28231623749641
0.0,55.483842403716146,66.95780240900639
0.0,56.99583740823542
0.0,26.410121825924556
0.0,76.95375186118481,31.98657629934967,53.77595307041845
0.0,8.121104743239252
0.0,2.760458667394806
0.0,3.216909141083357,11.762883058239256
0.0,103.0828610800026,64.2773611113799
0.0,14.892959231407016
0.0,15.131864626207506,22.46873985868849
0.0,56.662847701401866,34.62965088516451
0.0,109.60107696173283,48.514277874839806
0.0,42.19115866993711,106.88233324338923
0.0,17.369248178895056
0.0,72.93023146094033,164.94818540770504
0.0,0.0,0.0
0.0,18.250880691666477
0.0,0.0
0.0,80.7982023384653,45.09550630821205
0.0,3.7481648968109997
0.0,0.0
0.0,0.0,6.367690714508052
0.0,0.0
0.0,11.92670752491385
0.0,0.0
0.0,16.29592434096579,6.607437923613976
0.0,0.0
0.0,4.39225458233907,8.426618439763164
0.0,13.805281427086525
0.0,5.438022059778311
0.0,7.9907241309702846
0.0,0.0,0.0,0.0,0.0,29.200924971116457,13.784023678873826
0.0,27.0635160164104
0.0,20.92748132451628
0.0,50.731832908053725,10.096260050800955
0.0,55.16061374770785,43.71258737466992
0.0,11.338957642694275,7.793882856310652
0.0,7.842310375698284,12.490114807222522,15.34472358672481
0.0,0.0,6.823762761508282
0.0,0.0,0.0,0.0
0.0,13.047005465078145,0.0,0.0
0.0,11.536485015293954,22.29308641990006
0.0,0.0,9.445555492901716
0.0,0.0
0.0,16.743432204711297
0.0,25.87125496853683
0.0,26.216960545302435
0.0,27.935051993095517
0.0,8.511616541496632
0.0,7.381519113378117
0.0,32.58053494110921
0.0,41.02804055510882
0.0,49.55050965856957
0.0,10.098249156404956,8.032283827411868
0.0,7.077850045955555
0.0,0.0,31.023588593595402
0.0,13.739386768410986
0.0,18.321435112667857,11.407677472203382
0.0,27.22579452720369
0.0,55.070853395469676
0.0,94.23134814096312,34.10463274541352
0.0,0.0
0.0,10.85981417667631
0.0,0.0,12.04688705665615
0.0,13.189076533249404,6.552537057630518
0.0,33.885010250832316
0.0,0.0,11.137280336994905
0.0,0.0,0.0
0.0,19.635435627408423
0.0,23.78345530277532,22.31032199130279
0.0,31.43119391382053
0.0,34.45499092021824
0.0,49.04444317190929,65.7914575639662
0.0,0.0,0.0
0.0,10.603058178263833
0.0,0.0,0.0,11.3223113849593
0.0,11.967422690508533
0.0,0.0
0.0,14.686919788473837
0.0,21.08818518471706
0.0,8.80082064486918,16.511931029752127,0.0
0.0,0.0,0.0,10.791048909029564
0.0,11.462227849705204
0.0,0.0
0.0,11.421575453445739
0.0,9.384444053753025
0.0,20.085104686870306
0.0,20.654730276326504,24.20748403698609
0.0,21.069558322883953,22.591836319978764
0.0,0.0
0.0,22.689776287651732
0.0,0.0,0.0,0.0,0.0
0.0,15.498933355208552
0.0,21.817931733439437
0.0,0.0
0.0,13.460369461743424
0.0,26.092837137080384
0.0,16.32676422898712
0.0,0.0
0.0,28.538918843457004,7.788761483309225
0.0,34.11826928763952
0.0,40.456613936259856
0.0,44.48058011700987
0.0,46.093751815302724,62.48369890192064
0.0,44.792092558552305,32.12407440525772
0.0,49.59274328834116,21.028131989210397,7.259659102992359
0.0,49.80056543615103
0.0,0.0,0.0,33.20373041387001,57.0951534001708
0.0,48.23067538176058,40.470254793779844
0.0,51.43069438987671
0.0,0.0
0.0,0.0,0.0,93.7558323536726
0.0,68.4857633266144,31.283266609672772
0.0,48.9184295742171
0.0,56.61583152123839,66.31274304445334
0.0,71.16279418394754
0.0,86.53374865803845,145.94961192680546
0.0,17.703450503641438
0.0,21.72470432319271,12.369640879944864
0.0,96.24477426847147,106.80719883746384
0.0,11.16503921136791
0.0,14.431867398325046
0.0,6.872753305203005
0.0,7.862305261765048
0.0,21.82053890965195
0.0,0.0
0.0,0.0
0.0,8.92799848725509
0.0,11.805434858528947
0.0,0.0
0.0,8.191809276346845
0.0,3.4263674298056377
0.0,22.738615964023136
0.0,0.0
0.0,19.099889487613275,32.33678215439408
0.0,16.75434886427012,9.998515338391803
0.0,27.075193949490842
0.0,8.440739354053427
0.0,16.421294055709527,10.884723875377361,8.40449351575045
0.0,11.367795508962908
0.0,0.0
0.0,12.080817763387465
0.0,0.0,0.0
0.0,13.43105792112873
0.0,11.39337088208999,21.15193412069295
0.0,24.081217280825168
0.0,12.00915928073511,8.47100835203692
0.0,0.0
0.0,21.61834871372885
0.0,12.892292595314053
0.0,16.13749767811426
0.0,10.181198815290308
0.0,14.079599788399676
0.0,0.0
0.0,27.39426758572133
0.0,3.215560399728858
0.0,32.37459075260761
0.0,3.4989041416859177
0.0,0.0
0.0,19.23277571981992
0.0,32.099022122011505,17.3816954339716
0.0,12.438385581322727
0.0,22.374741508514685
0.0,10.132936099317575
0.0,8.901451404033242
0.0,0.0
0.0,0.0,0.0,0.0,0.0,0.0
0.0,29.86504212368293
0.0,17.566244188554002
0.0,14.186280120203595
0.0,0.0
0.0,9.65360320101665
0.0,0.0
0.0,8.008019172928423
0.0,0.0,10.958297746345831
0.0,33.032375414124445
0.0,15.555583095336813
0.0,11.891205049335966
0.0,0.0
0.0,6.842252732465202
0.0,16.030354584324762
0.0,0.0,11.258338483256212
0.0,6.4777370071045555
0.0,11.776910068593807
0.0,0.0
0.0,17.05993846737611
0.0,6.54373931905266
0.0,0.0,0.0,0.0,13.435424512119951
0.0,9.343295300669835
0.0,22.470118912143143
0.0,0.0
0.0,4.793152737627335
0.0,9.480502385515775
0.0,24.593141809870232
0.0,0.0,0.0,0.0
0.0,5.338477756585334
0.0,12.27958893529274,20.760153859591334
0.0,0.0
0.0,4.279993775520297,14.234784655778503
0.0,0.0,14.25954704251175
0.0,9.393217474970603
0.0,19.123731590936494
0.0,0.0
0.0,19.24428196974096,7.900938509700785
0.0,0.0,0.0,9.43510290351112
0.0,11.318626142108554
0.0,15.69461126721435,8.399870056582069
0.0,4.452109330499257
0.0,0.0
0.0,15.290626412153994
0.0,8.492841479211743
0.0,20.619741690579648
0.0,27.75870146236913
0.0,0.0,0.0,0.0,0.0
0.0,7.764885733472865,0.0
0.0,18.924309643692037
0.0,0.0
0.0,16.24929689182004
0.0,16.193479216025292
0.0,0.0
0.0,6.498951742050486
0.0,12.767229970408877
0.0,25.66531182738827
0.0,0.0
0.0,8.468702119452557
0.0,0.0,0.0
0.0,0.0
0.0,0.0,0.0,0.0
0.0,35.4972760627658
0.0,0.0,34.55865081587148
0.0,17.635669597567777
0.0,14.078274974595931
0.0,14.593830172325033
0.0,0.0
0.0,0.0
0.0,36.86030285821125
0.0,39.87553163971975
0.0,0.0,43.93775533952129
0.0,102.24314187933689,59.167534194454035
0.0,47.54741610953779,93.20277069621831,48.72155626545804
0.0,7.324013540403385
0.0,0.0
0.0,34.76569019280972
0.0,103.69489577568314
0.0,36.33030463410263,41.49732722759532,159.90138429611645
0.0,0.0,0.0,0.0
0.0,18.746143005630472
0.0,0.0
0.0,10.697081414876434
0.0,15.849128682402696
0.0,0.0
0.0,29.42925702037066
0.0,40.16378817311464
0.0,50.736293446816084
0.0,16.190461337618054
0.0,51.208186370724114
0.0,60.082879421691054
0.0,61.50681720228611,36.836070123878756
0.0,10.30245269813081,20.79742436723322
0.0,30.06092519261665,57.99525361092614,142.03755510261138,139.0566234298077
0.0,13.135986503939312
0.0,4.991798691143142
0.0,34.27572962692344
0.0,0.0
0.0,19.589498262062218
0.0,0.0,20.67453677503037
0.0,0.0,0.0,44.17382647955133
0.0,31.91636074099613,52.12525886668691
0.0,0.0
0.0,11.262121382565965
0.0,69.6187995843103
0.0,82.1014276922664
0.0,18.233712138950164,11.232254719680231,7.736094855636881
0.0,0.0,0.0,0.0,4.083021002240278
0.0,0.0
0.0,80.96630913569126
0.0,107.51453340797332
0.0,61.50106627701179,168.78800866276833,118.90156521266553
0.0,67.41168645057684,42.37642839473343
0.0,0.0,11.00060620574305
0.0,118.44742129256421
0.0,94.94673732310815,20.499285092888698,16.913838875698197
0.0,0.0
0.0,127.31521036382007
0.0,70.31825230129539
0.0,0.0,93.57998199704461
0.0,16.839241620064204
0.0,0.0,0.0,18.122490795344703,12.863607581655245
0.0,19.700008592688317
0.0,20.970374012524072,17.335665226118294
0.0,0.0,21.830921322014632,36.652699774104875
0.0,0.0
0.0,0.0
0.0,27.501535676256523
0.0,37.21331604258302
0.0,17.214726701912358,0.0
0.0,0.0,0.0,9.800558729825012
0.0,22.22213062433486
0.0,0.0,12.166876560329483
0.0,0.0,6.920600136000513,10.969927873241879
0.0,4.5278147949127
0.0,43.53512679920119,39.09727356774853
0.0,31.261874806917813
0.0,42.69508847169359
0.0,94.99481982252267,28.478439789051105,38.54549198611935,46.42691315956567
0.0,118.53084565139675
0.0,0.0,0.0,72.46234957446084
0.0,12.870891992934267
0.0,0.0
0.0,3.6330638117801413,17.409877412702834
0.0,11.685927684037104,0.0
0.0,9.940673250426858,10.41418280765639
0.0,0.0,11.458020571307959,9.520478946728053,0.0,6.25631260734434,5.510457159590749
0.0,21.230575452890722
0.0,0.0
0.0,22.558868696995432
0.0,31.904839420680474,16.725477797652534
0.0,6.632101891768923,13.143814742179625,11.606950467004118
0.0,17.042147679305117
0.0,20.72792365655757
0.0,42.0288496845107
0.0,43.98873356712497
0.0,22.49844465385623,64.65520019112863
0.0,24.88166590436556
0.0,17.98161193432525
0.0,0.0,0.0,0.0
0.0,51.858081981304224
0.0,9.564916909196981,29.056026681316496
0.0,70.4107338329794,37.430490779719456,65.96685654384542
0.0,57.38183104664924
0.0,0.0,61.778165167288165
0.0,0.0,17.718998372252173,17.24547863888015
0.0,36.92547850920079
0.0,47.22299671242438,86.86072968508184,33.63852817954676
0.0,64.88928194062517,22.475685969784212
0.0,43.51049265929284
0.0,90.2526485240535,81.83869585246303
0.0,12.106505424259383
0.0,0.0
0.0,3.052793796938453
0.0,0.0,0.0,0.0
0.0,0.0,16.452414044167202
0.0,11.327993427250938
0.0,16.565064062060404
0.0,18.806827595956317
0.0,9.244369571036424
0.0,26.03658456933675
0.0,27.504212876233055
0.0,28.22090475815189,13.587254940359644,27.256993317166035
0.0,0.0,19.186064161385723,40.8461938587123
0.0,0.0,37.77527316616671,24.458900496519863
0.0,9.331049014362337,25.848285391493974
0.0,0.0,4.742078883532891
0.0,0.0
0.0,0.0,0.0
0.0,36.44203752335529,0.0
0.0,0.0,0.0
0.0,53.38976387400843
0.0,0.0,17.89595731528936
0.0,0.0,4.742574156785239
0.0,42.33785152416457,19.913234457167626
0.0,0.0,34.52515778620144
0.0,49.559062206583015,92.39714555874187
0.0,17.605458024575718
0.0,0.0
0.0,21.036545257067534
0.0,11.971270606385561
0.0,0.0
0.0,19.85674103292881,4.422250636281597
0.0,16.29555788839829,23.603729448520852
0.0,0.0
0.0,38.5253108063683
0.0,34.546044751424674,30.527273709666815
0.0,74.2479922914666,76.78020051834407
0.0,23.58627925460348
0.0,0.0,0.0
0.0,0.0
0.0,9.40939889247303
0.0,11.841633214547299,14.808580592707134,3.3526359591424164
0.0,0.0,41.90244971648916
0.0,0.0,0.0
0.0,22.423701631911026
0.0,0.0
0.0,39.56565266152326,54.38126494459792
0.0,41.73317856770081
0.0,64.29862443112312
0.0,92.29711643920488
0.0,14.696507274936343
0.0,8.773955895518128
0.0,9.111885070991768,12.316922839760496
0.0,12.55450104191312,6.600344744304625
0.0,15.678818757028537
0.0,12.091630141249261
0.0,14.992640947228155,19.629944264847634,0.0
0.0,0.0,8.662191094052874,7.2893106789031075
0.0,21.12195101792722,28.35733638118773
0.0,23.181577472882612
0.0,0.0,0.0
0.0,22.619864365234132
0.0,0.0
0.0,0.0
0.0,32.25843511066041
0.0,0.0,0.0,0.0,29.661577035038803
0.0,21.341777908584653
0.0,0.0
0.0,4.10637427552055,9.687585603187351
0.0,33.85324508431444
0.0,0.0
0.0,0.0,27.150568868896382
0.0,3.7577541286841756
0.0,40.9442956996915,54.97574643231962
0.0,0.0,0.0
0.0,47.49964569781865
0.0,0.0
0.0,51.86197145939698
0.0,13.816571850993324
0.0,14.901697648418276
0.0,43.67897327471518
0.0,0.0,0.0,147.44392496424902
0.0,81.62985588348118
0.0,0.0,0.0,0.0
0.0,10.412561894959
0.0,12.36225534879186
0.0,14.636519765139266
0.0,0.0,0.0,5.466734855721493,12.444824232785855
0.0,13.164336029451967
0.0,21.146259946099285
0.0,22.48678761262038,36.590611248104956
0.0,0.0,15.839340720843111
0.0,34.695992569586764
0.0,45.64446228228993,104.84159347789682
0.0,99.19545094690055,147.55107476291
0.0,23.67692275684352
0.0,102.00693670379721
0.0,89.213943795253
0.0,74.24387420969748,96.44210140083709,90.94278094625281,176.92759568373455
0.0,112.11153527888783
0.0,122.6292727869421,0.0
0.0,7.641619527495718
0.0,14.847949133843397
0.0,18.847356629272152
0.0,39.85122104903236
0.0,0.0
0.0,6.578453988526741
0.0,36.43626586705711
0.0,8.987035234017826,5.867078504482072
0.0,11.026330383718328,0.0,6.482355568018066,11.045794742254364
0.0,15.176264357027772
0.0,17.89028728703465
0.0,72.6353660945882,60.0904514296058
0.0,0.5078096377796419
0.0,0.0,22.10922803081235
0.0,104.43197631418457
0.0,45.32856212846578,105.91863384499501,35.41860341166115
0.0,10.890666948155287
0.0,0.0
0.0,14.469570649592809
0.0,81.02835607941581,50.48208798170419
0.0,4.785195418895811,5.813126404955763
0.0,0.0,0.0,7.571207725097992
0.0,17.905564070078967
0.0,18.462024428206355
0.0,26.341516778369225,36.8864615896909
0.0,26.662930278914494
0.0,125.60181030385333
0.0,0.0
0.0,13.805602383708639
0.0,29.804982369831425
0.0,12.566984039086837,10.90090291527372,13.030340142519167
0.0,0.0,9.007064989919495,8.361902834766822,6.253897134663671
0.0,14.779339616029743,5.423699086990806,7.270594205059624
0.0,15.314855096657132
0.0,23.159624943800715,39.27529281734922
0.0,0.0,2.4763919493646513
0.0,0.0
0.0,10.620114952784128,3.3078674857272237
0.0,8.32752598124806,8.753274418184457
0.0,137.96742141755274,245.9169271630702
0.0,0.0,31.500446906095306
0.0,144.04832466027543
0.0,20.77397850926569
0.0,0.0
0.0,18.31322016445331
0.0,103.80370933504449
0.0,102.23769276368797
0.0,87.43181782952945
0.0,147.75753286840262
0.0,11.052564848649762
0.0,151.86301167139135
0.0,154.4866027650998
0.0,67.22731901654736
0.0,2.023844521838149
0.0,4.2451219611724405,4.3121774680136085,1.7684472926208976,4.3571580913878
0.0,0.0,0.0,5.641727830576022,8.703967494982024
0.0,8.573233101022895
0.0,8.06761034645853
0.0,5.18661985098962,12.392564438467911
0.0,0.0
0.0,0.0,14.232726472971054
0.0,12.761058608914782
0.0,10.149353725717758,13.219616196143617
0.0,2.7385436778280554
0.0,0.0,5.983857207891633
0.0,0.0,0.0,3.8533078681664232
0.0,4.027751592905645
0.0,7.164225944762661,7.314127420344846
0.0,0.0,13.413957109109548
0.0,13.242159004648082
0.0,18.86694918570645
0.0,21.757069762897963
0.0,20.43477346172535
0.0,13.08995198402024
0.0,0.0
0.0,0.0,4.673999871538154
0.0,0.0
0.0,3.124114790306124
0.0,0.0,18.822173773903106
0.0,3.967147535079401
0.0,9.992878712286668,0.0,0.0,8.31751557388782
0.0,11.403022494927482
0.0,15.941015003996206
0.0,0.0,10.266929321920797,12.826546023396565
0.0,30.46350984911713
0.0,21.258715288324066,23.643259267489526
0.0,0.0
0.0,0.0
0.0,0.0,4.191188351480941
0.0,6.639656884249009
0.0,6.156670867642481,5.815814591034628
0.0,0.0,14.251193021444116
0.0,5.363205331508026,9.672236182634322
0.0,0.0,4.6920530890518215
0.0,39.04488328699669
0.0,19.185717987526616
0.0,19.10084519140992,0.0
0.0,0.0
0.0,0.00011140318390462728
0.0,6.853513150871963
0.0,21.54132671981562,31.779579230841286
0.0,0.0,0.0,0.0,0.0
0.0,0.0
0.0,29.753754671205808
0.0,0.0
0.0,43.84176500000217
0.0,49.92758200194343
0.0,65.1069138957729,29.06149927757576
0.0,85.95497275487325,201.84192747597038
0.0,15.780177245456006
0.0,11.796476317009319
0.0,0.0,0.0,0.0,0.0,0.0
0.0,16.827645627107465
0.0,0.0
0.0,20.420312491760985
0.0,15.998147751762799,0.0
0.0,0.0,26.53287299353764,38.53118922249746
0.0,0.0,0.0
0.0,0.0,0.0,9.865194299313682
0.0,18.309449532435018
0.0,0.0,7.572555020045773,12.09409493323109,8.730660134173965
0.0,18.357894961148194
0.0,12.178241438188373
0.0,1.1563326134371614,6.123972166333359
0.0,0.0,0.0,6.358086287854266
0.0,9.07275716899116
0.0,9.70259459464159
0.0,8.220882411796444
0.0,4.826925718385168
0.0,3.9581479380127895
0.0,51.52306245035541
0.0,111.57649398586486,64.37778813468094
0.0,73.87798660084542
0.0,20.529184546284135
0.0,41.32974548165297
0.0,86.898269302483
0.0,0.0,178.87260327368034
0.0,0.0,7.33046649692492,8.663712131704758
0.0,9.26622071581743,5.065408870352326
0.0,11.095212913732235,11.384259172659268
0.0,7.994806523285879
0.0,9.246368666284098,14.154033775460455
0.0,13.295500281622324
0.0,13.762179658715233
0.0,17.426962456461016
0.0,10.721911317316643
0.0,3.903099849086588
0.0,0.0,0.0,0.0,0.0,0.0
0.0,5.410478249363974
0.0,2.926245859036214
0.0,0.0,2.5121458099925387
0.0,18.483900149539142,10.808993619364932
0.0,23.18057709244247
0.0,9.113570768143614
0.0,4.475735861188766,8.653761324540906
0.0,0.0
0.0,9.165219930414528
0.0,0.0,7.8709775614952955,5.367922691138082
0.0,0.0,0.0,0.0,3.187131851294115
0.0,0.0,12.797313517344069
0.0,12.191687167251242
0.0,4.053221935816228,8.050934116429897
0.0,6.925080643962049
0.0,1.7727032943686813
0.0,6.676831558932032
0.0,12.783738095370273
0.0,6.694446171974029
0.0,3.6055397409231342
0.0,2.6739924644269655,1.1478697531387851,2.8233038372492585
0.0,0.0,0.0,0.0
0.0,15.90993709241626,3.212848227713693
0.0,0.0
0.0,0.6514726647734658
0.0,0.0,0.0,0.0
0.0,17.24486880295397,17.0229571691353
0.0,10.629670700981736
0.0,0.0
0.0,5.190109942752601,0.0,15.939362429996454
0.0,31.619189528084213
0.0,32.23018278698869
0.0,32.27468577098503
0.0,32.874868373231386
0.0,102.62388261798264
0.0,0.0
0.0,9.111010873355902,5.359141066975233
0.0,10.41650486665735
0.0,6.127556725833675
0.0,0.0
0.0,5.554297476472788
0.0,0.0,0.0
0.0,9.473735055104706
0.0,126.0159424112824
0.0,0.0,4.384981022365352
0.0,0.0,7.176119564700774
0.0,9.353092903829305
0.0,6.474730623147337
0.0,0.0,20.071436824592848,16.0508150366507
0.0,8.890398337244106
0.0,0.0,0.0
0.0,10.913490099279375
0.0,8.543644921893762,15.492098344408086
0.0,11.837281474932473
0.0,4.008202646351223
0.0,15.65725876380048
0.0,0.7929259740018725
0.0,16.02710530805039,3.244721370633359
0.0,0.0
0.0,0.0
0.0,8.520113732341201
0.0,15.648290835285747
0.0,11.836565591719438
0.0,33.675114655968876
0.0,36.94426411268688
0.0,7.4169740242761515
0.0,16.1554753257284
0.0,22.55958106937383
0.0,2.5729009617189074
0.0,0.0
0.0,38.558638195482914
0.0,50.5442676993435
0.0,54.59162216978763
0.0,0.0
0.0,64.41581812905632
0.0,146.92213813950133
0.0,99.2583489048521
0.0,7.225364168057006
0.0,17.27480827242447
0.0,4.119812253270292,10.255812265942167,0.0
0.0,49.82109498002663
0.0,0.0
0.0,14.67410447947307
0.0,0.0
0.0,17.65178401109877
0.0,18.566982078416842
0.0,53.000913248989185,85.07175794099302,59.92678175196114
0.0,7.067657106310269
0.0,167.06804553775942
0.0,0.0,0.0,0.0,0.7315921172438264,5.841651601367928
0.0,15.050501528607926
0.0,60.87536280248088,0.0,182.29588952810658
0.0,0.0,0.0,0.0,0.0
0.0,73.12532068169487,103.91358754220272
0.0,99.26616165808603
0.0,88.04487864312966,58.609071178137064
0.0,105.27687720864432
0.0,92.10773388982992,202.042733155662
0.0,14.354260575173987
0.0,16.36069403641765
0.0,8.952033671101763
0.0,13.705063538835775
0.0,0.0
0.0,0.0
0.0,4.167831529346673
0.0,115.9266690554977
0.0,136.77002154751395,283.83404938125864
0.0,167.74961263566288
0.0,11.514312546832214
0.0,0.0
0.0,57.90641444247807
0.0,20.69475159160814
0.0,0.0
0.0,171.0036106984427
0.0,124.9387757928213
0.0,0.0,0.0
0.0,59.36872969558842,184.50948181374176
0.0,178.4910826873861,93.68436282600872,67.15413651882218
0.0,0.0,0.0,0.0,70.22013263650234
0.0,0.0,49.860611104592294,197.8177955369938
0.0,187.0088004294937,38.02496227107603
0.0,189.51812772849098,203.1144103118387,221.646742417068
0.0,0.0,142.29108741002696
0.0,173.2431459738123,266.9093080353016
0.0,0.0,0.0,0.0
0.0,0.0
0.0,17.47366551400565
0.0,0.0,11.522263173299985
0.0,0.0,0.5221325609411396
0.0,7.268508937940972
0.0,202.71418418887103
0.0,115.26278950611798,76.36830831103393
0.0,70.98501699025084
0.0,197.60630280014834
0.0,19.760425172508704,97.6271980731357,32.125379082483356
0.0,8.330910856308929
0.0,0.0,6.26930574952622,0.0,0.0,5.420956500856085
0.0,4.160182202436008
0.0,25.96895532222463
0.0,4.868571126945167,6.282563133609485
0.0,19.805232029399125
0.0,0.0
0.0,199.7804784300726
0.0,3.450824426905005,0.0
0.0,0.0
0.0,0.0,138.9579515316827
0.0,205.02386862307222,65.05176301152778,113.72089994628762
0.0,29.863558005720638
0.0,213.41681249487817,207.6815941714789
0.0,2.9093008056561294
0.0,6.309174206623842
0.0,9.519330458111689
0.0,9.867016393001736
0.0,9.070489715575723
0.0,8.360146230584078
0.0,4.98983705762304
0.0,0.0,0.0,0.0,0.0,0.0
0.0,10.792940161386817
0.0,10.89639787804027
0.0,0.0
0.0,14.589946318288122
0.0,21.61354066798759
0.0,24.33596660422981
0.0,29.921992223450342
0.0,192.52531809351228,139.04206673505414
0.0,0.0,0.0
0.0,111.96559169033327
0.0,230.1879412937599,243.9102845333748
0.0,139.62403028351736
0.0,90.2039675681429,159.83817009891646
0.0,203.1442924748592
0.0,94.73545645970157
0.0,99.24480599731884
0.0,150.78240418052255
0.0,182.43394379365017,0.0,0.0,89.21660966250893
0.0,235.57286032506818
0.0,104.50017557716126
0.0,95.95380437586746
0.0,131.27015763362618
0.0,96.63070889187772,190.08808470383642
0.0,60.996091786089366,26.288476270607404
0.0,131.60545749522223,169.01189935738972,228.34201322648224
0.0,173.2919049452336,218.15049457909,73.6161741268276,40.67409700474571
0.0,0.0,3.9152314674324242
0.0,90.59127573412326
0.0,25.503203340495617
0.0,63.808807752339476,14.423222121883727
0.0,58.13855678499403
0.0,102.25282915075317
0.0,111.36738533021045,50.757612428595785
0.0,119.53811094652421
0.0,137.584967890866,127.71446294034972
0.0,176.46662641827416
0.0,190.65047354385723
0.0,0.0
0.0,80.82388662019294,141.53730251845602
0.0,225.458214042882
0.0,199.62619774077564
0.0,85.46745231003163
0.0,147.8718710866691
0.0,65.65403345361717
0.0,1.4126246377757652
0.0,22.58369449740296
0.0,0.0,205.4553153326695,135.9050677722879
0.0,0.0,0.0
0.0,22.86346042375519
0.0,3.274268016187138
0.0,0.0
0.0,42.80704961657899
0.0,43.991221825874774
0.0,64.35311778552317
0.0,68.65307262478711
0.0,76.98100808261678,16.6634886798757,36.19359223798465
0.0,99.81953178017521
0.0,102.98328373771884
0.0,74.99531376404937,22.554165897488065
0.0,113.40650693212697
0.0,264.697167831467
0.0,90.85016445898893
0.0,0.0,0.0
0.0,67.50337975164092,319.7997827508348
0.0,99.25631021959971,87.57627318179024,265.5459710944539,71.65806940959702
0.0,3.7497793250855675
0.0,5.121363886969115
0.0,0.0
0.0,0.0,9.720073187997372
0.0,0.0,0.0
0.0,24.312372489077998
0.0,0.0
0.0,24.49687855701219
0.0,51.77492676954925
0.0,133.01658934975973,0.0
0.0,226.02396345121602
0.0,247.68633198950798,111.0375070916531,150.3249974055596
0.0,80.58894216805442
0.0,0.0
0.0,0.0
0.0,221.49442242008564,60.687129938487125
0.0,0.0
0.0,84.2724900735297
0.0,88.40340475950497
0.0,121.84284338895377
0.0,0.0,0.0
0.0,0.0
0.0,218.7106247059379
0.0,0.0
0.0,224.39596176114682
0.0,1.9648433035974666
0.0,7.204080871003853
0.0,7.775215268601446
0.0,65.38895265590519
0.0,25.250470322738206
0.0,37.63217791575945
0.0,54.36153109248921
0.0,1.3409769501669146
0.0,0.0,0.0
0.0,0.0,0.0
0.0,2.9844015778567257
0.0,2.995111594402814
0.0,42.43413381795236
0.0,149.35155600633462
0.0,0.0
0.0,3.349297531658024
0.0,1.0831811929415325
0.0,0.0
0.0,203.53225107064253,102.7940595287265
0.0,94.79945042793258,78.13366321657827
0.0,114.53950194553255
0.0,154.4591570246043
0.0,209.9690356930355
0.0,231.66130544198884,736.6335036711979
0.0,211.60707824826642
0.0,52.7235559898984
0.0,190.87772778080935,677.0602626321333
0.0,15.16190502732759,6.994368596896264,77.3718070119737
0.0,77.25581825238403,253.51990757952856
0.0,28.76322918111853
0.0,88.09193801982462
0.0,157.85679947214106
0.0,224.5328888944688
0.0,226.65148759932652
0.0,107.48157298405303,181.17154487902522
0.0,6.550014928161724
0.0,5.753906693038378
0.0,43.66516496801939,874.8740616573457
0.0,262.6847560013086
0.0,267.4469919971532
0.0,277.71862014742004,183.4972151797712
0.0,160.11905037753263
0.0,312.8325874587152
0.0,0.0
0.0,93.32409642361195
0.0,346.5192329690999
0.0,325.07304088222344,751.481899014073
0.0,305.16881133360073
0.0,351.2833863094838
0.0,134.65695306112204
0.0,177.51268707108505
0.0,367.6167984290133
0.0,374.3193267127056,479.46257706859
0.0,217.55889573414694
0.0,229.35449978899246
0.0,0.0,306.25306943250433,124.03216128992,1051.4942564726366
0.0,151.88359392979382
0.0,513.8259601000412
0.0,164.25478706695677
0.0,145.28512407237744
0.0,245.39567240062377
0.0,72.8695606118487,197.05962255197173
0.0,636.3429043921622
0.0,0.0
0.0,264.8083079424431
0.0,65.72393237963142,549.2812035212039
0.0,401.1923620160665,162.76750449240407,181.58000412199254
0.0,158.5636496810234,200.21625211812764
0.0,68.06750234324018,104.5520095349024
0.0,239.74260815126902,591.5208416874723,143.1546134361486
0.0,0.0,0.0
0.0,333.4435991527019
0.0,206.81193869280563,406.0130931632912,133.73909014182868,280.6433272815519
0.0,299.61012297085216,176.31645032298024
0.0,799.6425946370482
0.0,143.01837427726096,161.2230129557337
0.0,200.96752025396538
0.0,311.37762367381976
0.0,284.87525111044937
0.0,241.83290125334364,516.4019483943947
0.0,167.41322596849824
0.0,368.73492738823495
0.0,478.30730336542695,329.87193352964664,670.996865444945
0.0,533.4524663585026,134.7069503031451
0.0,208.24666882551332,257.1089263604085,388.1334328443093,111.83167476122274,69.20611426813134,217.8437555490765
0.0,280.210670867955
0.0,86.29034885824301,267.72852993329843
0.0,502.7570834253272
0.0,215.9025138522984,0.0,153.45108843543028
0.0,324.7322722441167
0.0,373.76722940586166,186.85138670202204
0.0,131.17410928692328,112.6954036957042
0.0,102.94944264036162
0.0,180.09156989373008
0.0,210.8386216645976
0.0,124.74404495131975,313.84325940324175
0.0,0.0,92.25357898623318,46.711708650474996
0.0,125.40433614849671,169.6039010913059
0.0,103.44643241254504
0.0,128.41467371166218,313.8153142802208
0.0,217.83473417722217,121.84777813664422
0.0,200.21114348656306,345.6735979511379
0.0,258.79637666141815
0.0,190.68878055170674
0.0,231.27535250826645,171.57003725837922
0.0,278.9808317429346,298.08375970790337
0.0,38.290111295630616
0.0,187.07561475011426
0.0,387.8253561137648
0.0,492.5498052286174
0.0,443.3851826229714
0.0,0.0
0.0,238.93393716532017
0.0,344.241123657898
0.0,4.565930139578459
0.0,823.3484972202855
0.0,0.0
0.0,0.0,1399.9301276387798